Steps,Policy/Entropy,Environment/Episode Length,Policy/Extrinsic Value Estimate,Environment/Cumulative Reward,Policy/Extrinsic Reward,Is Training
1000,2.1943853,499.5,0.048067503,991.1292724609375,991.1292724609375,1.0
2000,2.1935627,999.0,0.022289874,-193.48238718509674,-193.48238718509674,1.0
3000,2.1936977,999.0,0.30479422,-129.31026220321655,-129.31026220321655,1.0
4000,2.1941588,999.0,-0.47605082,-134.6040616631508,-134.6040616631508,1.0
5000,2.1780508,999.0,-0.3794198,-120.54282283782959,-120.54282283782959,1.0
6000,2.1926386,56.0,-0.4915678,759.9120147824287,759.9120147824287,1.0
7000,2.1851125,999.0,-0.6443075,-115.45387005805969,-115.45387005805969,1.0
8000,2.1870108,999.0,-0.15373223,-114.5538854598999,-114.5538854598999,1.0
9000,2.174996,999.0,-0.10996157,-219.16080951690674,-219.16080951690674,1.0
10000,2.1807218,999.0,-0.9399765,-173.85453939437866,-173.85453939437866,1.0
11000,2.1638103,456.0,-0.7272669,705.8970958391825,705.8970958391825,1.0
12000,2.172517,999.0,-1.3204079,1170.677041053772,1170.677041053772,1.0
13000,2.158672,356.5,-0.7928771,627.3745276927948,627.3745276927948,1.0
14000,2.1629508,513.5,0.09864375,439.6255750656128,439.6255750656128,1.0
15000,2.1482306,410.0,-0.14226374,1027.0046055316925,1027.0046055316925,1.0
16000,2.1462467,683.5,0.8602407,500.6659183502197,500.6659183502197,1.0
17000,2.1468785,534.0,-0.69795847,-165.69238185882568,-165.69238185882568,1.0
18000,2.1672626,999.0,-0.89341867,1077.4846801757812,1077.4846801757812,1.0
19000,2.1066115,489.0,0.14893618,617.2689189910889,617.2689189910889,1.0
20000,2.1489723,999.0,-1.406968,-151.2591381072998,-151.2591381072998,1.0
21000,2.13462,999.0,0.8558327,-33.84011936187744,-33.84011936187744,1.0
22000,2.158934,66.0,-0.69200677,1201.1934051513672,1201.1934051513672,1.0
23000,2.1021106,821.5,0.41939184,440.5796333551407,440.5796333551407,1.0
24000,2.1235628,999.0,1.4709892,-152.6982765197754,-152.6982765197754,1.0
25000,2.1485229,999.0,1.0350465,-188.3912603855133,-188.3912603855133,1.0
26000,2.1419845,269.25,-0.9300493,1029.9090502262115,1029.9090502262115,1.0
27000,2.1522765,999.0,-1.6444783,-138.98063397407532,-138.98063397407532,1.0
28000,2.1508384,623.5,-0.37522727,-28.67391586303711,-28.67391586303711,1.0
29000,2.104128,638.0,0.6855421,1024.0287265777588,1024.0287265777588,1.0
30000,2.0903943,409.0,3.34859,965.3248710632324,965.3248710632324,1.0
31000,2.1274464,999.0,0.9929968,-73.08554267883301,-73.08554267883301,1.0
32000,2.0226572,999.0,1.4923606,-121.73144912719727,-121.73144912719727,1.0
33000,2.083494,317.2,0.7658469,863.5834606170654,863.5834606170654,1.0
34000,2.108252,999.0,1.876574,-220.15581226348877,-220.15581226348877,1.0
35000,2.1173987,999.0,0.17710568,-122.15224146842957,-122.15224146842957,1.0
36000,2.0857875,999.0,1.0186331,-123.70924091339111,-123.70924091339111,1.0
37000,2.068426,541.0,0.8024529,517.5551397800446,517.5551397800446,1.0
38000,2.0570958,773.0,0.60607386,1030.4783411026,1030.4783411026,1.0
39000,2.0240822,999.0,1.3732345,-166.02382802963257,-166.02382802963257,1.0
40000,2.0545096,521.0,1.982186,417.2191400527954,417.2191400527954,1.0
41000,2.0447013,267.75,2.7330742,709.1060944795609,709.1060944795609,1.0
42000,2.102209,999.0,1.1488757,-1.6718559265136719,-1.6718559265136719,1.0
43000,2.071269,999.0,-0.15452039,-35.466092109680176,-35.466092109680176,1.0
44000,2.1087844,535.5,1.1140125,488.6512830257416,488.6512830257416,1.0
45000,2.061497,999.0,3.309984,-17.78384780883789,-17.78384780883789,1.0
46000,2.1052263,331.0,0.4100335,1094.9670985539753,1094.9670985539753,1.0
47000,2.0711,521.0,1.7231771,507.7377140522003,507.7377140522003,1.0
48000,2.0559363,999.0,2.8012667,-39.961934089660645,-39.961934089660645,1.0
49000,2.0377288,999.0,1.8676088,-11.66818618774414,-11.66818618774414,1.0
50000,2.0658305,999.0,6.019527,-105.62456035614014,-105.62456035614014,1.0
51000,1.9513599,999.0,0.08613752,-1.142486572265625,-1.142486572265625,1.0
52000,2.0641036,406.0,0.8008759,1034.6728916168213,1034.6728916168213,1.0
53000,1.9277569,999.0,5.339973,-140.1226577758789,-140.1226577758789,1.0
54000,2.01741,522.5,0.19033487,-131.01837730407715,-131.01837730407715,1.0
55000,2.0560265,999.0,0.7321301,1169.130615234375,1169.130615234375,1.0
56000,1.9181118,55.666666666666664,2.6591725,795.071199297905,795.071199297905,1.0
57000,2.0040443,326.0,1.0958074,763.3878557682037,763.3878557682037,1.0
58000,1.9403498,999.0,2.741773,-99.91534090042114,-99.91534090042114,1.0
59000,1.8330003,456.6666666666667,9.479483,632.7126660346985,632.7126660346985,1.0
60000,1.9102633,364.3333333333333,2.9896529,622.4875450134277,622.4875450134277,1.0
61000,1.9480779,999.0,6.762331,-120.10360193252563,-120.10360193252563,1.0
62000,2.025815,186.0,2.1048598,997.5336742401123,997.5336742401123,1.0
63000,1.8597319,551.0,0.6262642,511.7703478336334,511.7703478336334,1.0
64000,1.9905355,999.0,1.4079895,-43.976881980895996,-43.976881980895996,1.0
65000,2.057381,999.0,2.1292694,-171.1714572906494,-171.1714572906494,1.0
66000,1.9586151,530.5,1.6419482,432.77373719215393,432.77373719215393,1.0
67000,1.9798145,248.33333333333334,3.5440147,890.2603104114532,890.2603104114532,1.0
68000,1.968357,139.66666666666666,4.504236,1031.6519152323406,1031.6519152323406,1.0
69000,1.9933769,518.0,3.8691666,476.6045911312103,476.6045911312103,1.0
70000,2.0103607,258.6,4.540612,804.827558517456,804.827558517456,1.0
71000,2.0089326,999.0,6.6124883,-160.68172311782837,-160.68172311782837,1.0
72000,1.9957091,999.0,4.531937,-199.76608419418335,-199.76608419418335,1.0
73000,2.071254,999.0,0.10879652,-122.28791904449463,-122.28791904449463,1.0
74000,2.0008812,521.5,1.2200965,469.7682272195816,469.7682272195816,1.0
75000,2.0202997,630.5,4.23748,520.7774782180786,520.7774782180786,1.0
76000,1.9649928,505.0,10.984887,473.8332562446594,473.8332562446594,1.0
77000,2.0004041,999.0,6.9698305,-216.94186735153198,-216.94186735153198,1.0
78000,1.9814749,999.0,0.049300477,-147.24028182029724,-147.24028182029724,1.0
79000,1.9608147,999.0,4.3640547,-124.62681198120117,-124.62681198120117,1.0
80000,1.9472195,999.0,2.8891115,-112.28985500335693,-112.28985500335693,1.0
81000,1.9084517,567.0,6.458482,1038.1476650238037,1038.1476650238037,1.0
82000,1.893248,106.5,7.1406765,665.3845567703247,665.3845567703247,1.0
83000,2.0288246,999.0,3.5896575,-119.03186225891113,-119.03186225891113,1.0
84000,2.0118692,361.0,6.6598897,649.8192079861959,649.8192079861959,1.0
85000,1.8951429,512.5,9.344641,472.886626124382,472.886626124382,1.0
86000,1.8097918,999.0,2.215292,-171.4897322654724,-171.4897322654724,1.0
87000,1.8317072,999.0,-2.7330422,-31.31519889831543,-31.31519889831543,1.0
88000,1.9169922,999.0,4.354555,-78.98532962799072,-78.98532962799072,1.0
89000,1.9101514,999.0,4.994709,-223.43149709701538,-223.43149709701538,1.0
90000,1.8780472,519.5,0.71208304,548.1633267402649,548.1633267402649,1.0
91000,1.9178559,259.0,3.8966022,816.1581768989563,816.1581768989563,1.0
92000,1.9259719,999.0,4.1088743,-139.04030203819275,-139.04030203819275,1.0
93000,1.8671241,500.0,2.9028676,465.71467208862305,465.71467208862305,1.0
94000,1.9220724,355.0,3.9789755,684.9307007789612,684.9307007789612,1.0
95000,1.9010754,999.0,0.62715,-109.13767862319946,-109.13767862319946,1.0
96000,1.7373679,999.0,-2.9175053,-34.6763858795166,-34.6763858795166,1.0
97000,1.6542858,520.0,3.7823951,575.2526993751526,575.2526993751526,1.0
98000,1.7159343,999.0,9.615714,-87.95458912849426,-87.95458912849426,1.0
99000,1.7164645,999.0,-2.6455977,-32.22491264343262,-32.22491264343262,1.0
100000,1.7431642,999.0,-2.2796593,-7.7717204093933105,-7.7717204093933105,1.0
101000,1.8896028,352.3333333333333,4.7454596,664.7855796813965,664.7855796813965,1.0
102000,1.8186561,999.0,8.246033,-107.62191915512085,-107.62191915512085,1.0
103000,1.7559274,999.0,-2.3399694,40.25854730606079,40.25854730606079,1.0
104000,1.9075267,999.0,8.303132,-214.8670973777771,-214.8670973777771,1.0
105000,1.8343571,502.0,2.0303597,531.6379458904266,531.6379458904266,1.0
106000,1.75322,999.0,6.252954,-151.91586780548096,-151.91586780548096,1.0
107000,1.9090064,521.0,4.55605,485.6126093864441,485.6126093864441,1.0
108000,1.8412883,682.0,3.7376819,-105.91232204437256,-105.91232204437256,1.0
109000,1.9865209,999.0,9.057116,1109.0624542236328,1109.0624542236328,1.0
110000,1.7092963,999.0,-2.6422727,-155.45563626289368,-155.45563626289368,1.0
111000,1.6089119,999.0,-6.039978,-12.41459608078003,-12.41459608078003,1.0
112000,1.9081086,999.0,3.697518,35.030823707580566,35.030823707580566,1.0
113000,1.8657869,53.0,8.658565,791.1673586368561,791.1673586368561,1.0
114000,1.8035936,514.5,35.967056,508.529869556427,508.529869556427,1.0
115000,1.8411752,339.0,33.429638,662.2286033630371,662.2286033630371,1.0
116000,1.6610732,999.0,17.745792,-80.1408863067627,-80.1408863067627,1.0
117000,1.7846651,344.0,17.147133,633.5949626763662,633.5949626763662,1.0
118000,1.6993147,842.5,16.616922,-105.30208921432495,-105.30208921432495,1.0
119000,1.3817666,999.0,-1.9697092,1086.6080741882324,1086.6080741882324,1.0
120000,1.7982895,999.0,-3.0687113,-16.122854232788086,-16.122854232788086,1.0
121000,1.8055437,999.0,16.617664,-92.05755043029785,-92.05755043029785,1.0
122000,1.8013206,20.0,12.190113,733.9999170899391,733.9999170899391,1.0
123000,1.5562139,999.0,6.3983517,-113.22419834136963,-113.22419834136963,1.0
124000,1.8707765,999.0,3.5572777,27.429131984710693,27.429131984710693,1.0
125000,1.9482893,999.0,4.2926755,-174.99306917190552,-174.99306917190552,1.0
126000,1.3690873,502.5,-0.027429918,510.46859657764435,510.46859657764435,1.0
127000,1.8748314,999.0,13.830671,-26.960615158081055,-26.960615158081055,1.0
128000,1.8009727,999.0,11.0160055,-181.5621738433838,-181.5621738433838,1.0
129000,1.670739,451.3333333333333,22.000221,657.0733097394308,657.0733097394308,1.0
130000,1.6469616,999.0,18.801735,-100.02244186401367,-100.02244186401367,1.0
131000,1.8184544,501.0,9.276626,418.4571166038513,418.4571166038513,1.0
132000,1.9017519,517.0,4.2776,514.5854985713959,514.5854985713959,1.0
133000,1.7943594,506.0,10.398119,571.1959278583527,571.1959278583527,1.0
134000,1.7791934,999.0,9.40761,-94.80179047584534,-94.80179047584534,1.0
135000,1.7623566,999.0,5.5845995,-119.0922122001648,-119.0922122001648,1.0
136000,1.708997,999.0,7.4764147,-131.2532021999359,-131.2532021999359,1.0
137000,1.6720071,501.5,16.21298,410.89598631858826,410.89598631858826,1.0
138000,1.5172261,999.0,5.711576,-57.918787479400635,-57.918787479400635,1.0
139000,1.6180582,999.0,0.91231024,1.4417972564697266,1.4417972564697266,1.0
140000,1.7858937,999.0,19.421078,-171.06324911117554,-171.06324911117554,1.0
141000,1.6690223,999.0,18.236916,30.033445358276367,30.033445358276367,1.0
142000,1.6920608,360.3333333333333,8.109488,656.2302265961965,656.2302265961965,1.0
143000,1.6445568,218.4,5.1828785,788.9127687454223,788.9127687454223,1.0
144000,1.4667785,510.0,4.8963323,537.9152865409851,537.9152865409851,1.0
145000,1.349965,999.0,7.8553176,-87.97172164916992,-87.97172164916992,1.0
146000,1.2722292,999.0,-3.2787032,-44.96277046203613,-44.96277046203613,1.0
147000,1.3747578,505.5,5.68865,526.1086180210114,526.1086180210114,1.0
148000,1.7121812,502.5,20.600239,432.41865730285645,432.41865730285645,1.0
149000,1.725239,999.0,12.576275,-130.71431517601013,-130.71431517601013,1.0
150000,1.7186035,999.0,15.704618,-182.23887872695923,-182.23887872695923,1.0
151000,1.5635419,509.5,13.095579,459.2100023031235,459.2100023031235,1.0
152000,1.7973094,273.25,9.568524,764.307231605053,764.307231605053,1.0
153000,1.5493594,589.5,14.836265,-93.68912601470947,-93.68912601470947,1.0
154000,0.6342152,999.0,43.356945,1002.699987411499,1002.699987411499,1.0
155000,1.4523422,198.0,13.530036,460.3584897518158,460.3584897518158,1.0
156000,1.5049791,551.0,6.325833,533.9371571540833,533.9371571540833,1.0
157000,0.73728967,999.0,25.063297,-58.21077060699463,-58.21077060699463,1.0
158000,1.1764215,999.0,19.763044,-115.3979914188385,-115.3979914188385,1.0
159000,1.6034818,192.66666666666666,13.451865,832.7592720190684,832.7592720190684,1.0
160000,1.3612627,999.0,5.1437063,-81.4097843170166,-81.4097843170166,1.0
161000,1.130668,999.0,17.54882,-101.454354763031,-101.454354763031,1.0
162000,1.3000817,999.0,36.434,-217.74694871902466,-217.74694871902466,1.0
163000,1.4001614,999.0,20.218182,-224.00673127174377,-224.00673127174377,1.0
164000,1.3492289,464.6666666666667,5.2835236,682.6786160469055,682.6786160469055,1.0
165000,1.481314,503.5,6.6550627,452.7464895248413,452.7464895248413,1.0
166000,1.5690758,520.0,8.492293,497.37641763687134,497.37641763687134,1.0
167000,1.2515863,521.0,22.375065,475.96158838272095,475.96158838272095,1.0
168000,1.2288226,518.5,27.606417,-138.12904381752014,-138.12904381752014,1.0
169000,1.2309546,999.0,81.95944,1082.9609375,1082.9609375,1.0
170000,1.4555387,16.0,27.361938,461.05540227890015,461.05540227890015,1.0
171000,1.5686206,585.5,4.059813,469.57012128829956,469.57012128829956,1.0
172000,1.5507084,999.0,1.9190072,-94.35425996780396,-94.35425996780396,1.0
173000,1.7188631,343.3333333333333,4.4009776,639.4352881113688,639.4352881113688,1.0
174000,1.5260648,505.0,11.642128,492.4971809387207,492.4971809387207,1.0
175000,1.7408211,510.0,8.177145,432.3150962591171,432.3150962591171,1.0
176000,1.5358219,470.0,13.649398,652.8880513509115,652.8880513509115,1.0
177000,1.5899589,999.0,7.9651756,-149.73060083389282,-149.73060083389282,1.0
178000,1.6328489,999.0,5.6072707,-131.9515061378479,-131.9515061378479,1.0
179000,1.6096885,999.0,6.207287,-153.73082494735718,-153.73082494735718,1.0
180000,1.635236,999.0,-6.5275297,-51.83799695968628,-51.83799695968628,1.0
181000,1.5952694,504.0,12.7020035,416.14044427871704,416.14044427871704,1.0
182000,1.5740074,336.3333333333333,24.482634,637.0255184173584,637.0255184173584,1.0
183000,1.6400436,999.0,16.108456,-71.31018924713135,-71.31018924713135,1.0
184000,1.6664312,259.25,9.430685,760.2592475414276,760.2592475414276,1.0
185000,1.6857009,500.0,40.18499,417.08373284339905,417.08373284339905,1.0
186000,1.5798848,359.0,10.822987,641.1358640988668,641.1358640988668,1.0
187000,1.4053547,514.5,-9.864952,515.7260475158691,515.7260475158691,1.0
188000,1.7146446,179.0,65.55292,996.3012084960938,996.3012084960938,1.0
189000,1.6612027,999.0,22.160275,-217.7988679409027,-217.7988679409027,1.0
190000,1.2336612,501.5,29.193438,387.1878534555435,387.1878534555435,1.0
191000,1.6055477,999.0,1.6014469,-202.0212857723236,-202.0212857723236,1.0
192000,1.3968502,999.0,5.6403637,-53.051722049713135,-53.051722049713135,1.0
193000,1.4439777,499.5,33.2366,423.5977511405945,423.5977511405945,1.0
194000,1.1326212,999.0,62.281334,-122.11736679077148,-122.11736679077148,1.0
195000,1.7134099,999.0,12.755486,-26.44936180114746,-26.44936180114746,1.0
196000,1.6382271,999.0,21.020708,-122.37216663360596,-122.37216663360596,1.0
197000,1.5194445,546.5,57.988987,527.1188306808472,527.1188306808472,1.0
198000,1.1126968,294.0,18.425518,742.464183807373,742.464183807373,1.0
199000,0.9456726,999.0,-25.302378,-41.579848766326904,-41.579848766326904,1.0
200000,1.1023353,303.4,22.056019,832.1864543914795,832.1864543914795,1.0
201000,1.1937125,554.0,20.253683,969.9472904205322,969.9472904205322,1.0
202000,1.1490777,407.0,48.036392,687.3137370745341,687.3137370745341,1.0
203000,1.4522144,341.3333333333333,55.96917,659.431011835734,659.431011835734,1.0
204000,1.5987475,668.5,16.41117,-97.73958921432495,-97.73958921432495,1.0
205000,1.083843,999.0,-21.157312,1029.5900688171387,1029.5900688171387,1.0
206000,1.491475,500.5,36.458138,547.3566648960114,547.3566648960114,1.0
207000,1.4128352,999.0,-20.641796,-61.76535415649414,-61.76535415649414,1.0
208000,1.5802729,999.0,11.666317,-14.347335815429688,-14.347335815429688,1.0
209000,1.3874744,98.75,18.986397,837.3718929290771,837.3718929290771,1.0
210000,1.2614307,999.0,29.367294,-152.39766025543213,-152.39766025543213,1.0
211000,1.3465558,999.0,36.605797,-32.376108169555664,-32.376108169555664,1.0
212000,1.5641718,760.0,3.433814,961.2298679351807,961.2298679351807,1.0
213000,1.460823,503.5,5.671603,482.9481472969055,482.9481472969055,1.0
214000,1.5384663,521.5,18.599913,463.8128430843353,463.8128430843353,1.0
215000,1.7191445,366.0,30.183365,672.7338600158691,672.7338600158691,1.0
216000,1.4486706,538.5,18.64843,436.3123222589493,436.3123222589493,1.0
217000,1.5640526,999.0,9.582811,-126.06595993041992,-126.06595993041992,1.0
218000,1.626613,999.0,8.552101,-183.41448593139648,-183.41448593139648,1.0
219000,1.1226169,522.0,-11.160289,457.8469166755676,457.8469166755676,1.0
220000,1.3387463,999.0,-16.27837,65.54062366485596,65.54062366485596,1.0
221000,1.6526304,519.0,6.783027,484.25882482528687,484.25882482528687,1.0
222000,1.5442747,999.0,10.516699,-71.04119396209717,-71.04119396209717,1.0
223000,1.2518923,999.0,13.204601,-160.87524509429932,-160.87524509429932,1.0
224000,1.3732067,999.0,9.843294,-141.51754188537598,-141.51754188537598,1.0
225000,1.5052595,216.4,12.8629265,846.5456016540527,846.5456016540527,1.0
226000,1.4685966,999.0,15.411996,-61.02103519439697,-61.02103519439697,1.0
227000,1.4479524,341.6666666666667,33.221645,680.146382967631,680.146382967631,1.0
228000,1.4959627,999.0,-12.310534,-38.80620336532593,-38.80620336532593,1.0
229000,1.2195531,509.0,3.503623,545.9239258766174,545.9239258766174,1.0
230000,1.1073331,999.0,26.415932,-98.87238836288452,-98.87238836288452,1.0
231000,1.505606,376.3333333333333,33.092487,658.1770970026652,658.1770970026652,1.0
232000,1.5488535,999.0,2.3133876,-110.02401924133301,-110.02401924133301,1.0
233000,1.5944816,513.0,2.2037249,449.9294903278351,449.9294903278351,1.0
234000,1.6262277,337.6666666666667,1.7617656,645.4861569404602,645.4861569404602,1.0
235000,1.3210258,999.0,-12.248313,-34.022897243499756,-34.022897243499756,1.0
236000,1.4159408,514.0,15.884371,467.9528841972351,467.9528841972351,1.0
237000,1.5216258,999.0,14.428034,-103.22876071929932,-103.22876071929932,1.0
238000,1.3170574,338.6666666666667,13.912828,649.9961927731832,649.9961927731832,1.0
239000,1.4679663,259.75,16.986092,748.8160812854767,748.8160812854767,1.0
240000,1.0240517,568.5,99.404655,1047.213233947754,1047.213233947754,1.0
241000,1.7279314,335.0,14.082129,607.4149991671244,607.4149991671244,1.0
242000,1.0224161,458.5,53.420155,622.8236703872681,622.8236703872681,1.0
243000,1.7113565,999.0,11.179788,-81.4723129272461,-81.4723129272461,1.0
244000,1.1338474,501.0,65.736824,484.88012504577637,484.88012504577637,1.0
245000,0.9881347,999.0,108.02821,-27.09699773788452,-27.09699773788452,1.0
246000,1.0843949,999.0,6.6828146,-151.4082543849945,-151.4082543849945,1.0
247000,1.324375,999.0,9.756801,-164.45277309417725,-164.45277309417725,1.0
248000,1.4939163,999.0,50.495937,-138.7772707939148,-138.7772707939148,1.0
249000,1.1845644,762.0,64.32781,1107.004753112793,1107.004753112793,1.0
250000,1.3250952,505.5,-17.311604,497.5377731323242,497.5377731323242,1.0
251000,1.1881386,551.0,-2.4196281,532.4398238658905,532.4398238658905,1.0
252000,0.9144611,999.0,88.8908,-131.59376907348633,-131.59376907348633,1.0
253000,1.0778152,999.0,79.33928,-146.3441219329834,-146.3441219329834,1.0
254000,1.6785746,504.0,12.465633,514.8661255836487,514.8661255836487,1.0
255000,1.4844877,999.0,-11.154707,-117.80806064605713,-117.80806064605713,1.0
256000,1.370053,999.0,-10.337076,-121.40896272659302,-121.40896272659302,1.0
257000,1.169395,217.0,52.166794,831.7632953643799,831.7632953643799,1.0
258000,1.4557197,999.0,38.280994,-139.83805584907532,-139.83805584907532,1.0
259000,1.4051008,510.5,32.563957,409.64015114307404,409.64015114307404,1.0
260000,1.1850933,999.0,23.57904,-212.4568066596985,-212.4568066596985,1.0
261000,1.7483171,999.0,2.9141605,-135.7113494873047,-135.7113494873047,1.0
262000,1.4036089,999.0,-12.912204,-45.23528718948364,-45.23528718948364,1.0
263000,1.6656239,500.5,-2.6401758,472.42115902900696,472.42115902900696,1.0
264000,1.2022113,999.0,12.639742,-156.17151308059692,-156.17151308059692,1.0
265000,1.3853948,350.3333333333333,-12.864223,485.9855897426605,485.9855897426605,1.0
266000,1.6486081,999.0,-5.0508966,1065.44970703125,1065.44970703125,1.0
267000,0.7206236,134.5,25.171808,684.1337429682413,684.1337429682413,1.0
268000,1.188996,500.5,36.063004,467.595516204834,467.595516204834,1.0
269000,1.4619726,366.3333333333333,23.295244,658.3365925153097,658.3365925153097,1.0
270000,1.3751895,557.0,-3.5805526,503.14650678634644,503.14650678634644,1.0
271000,1.5866421,505.0,4.987719,492.18887662887573,492.18887662887573,1.0
272000,1.7339607,999.0,17.947197,-95.54098844528198,-95.54098844528198,1.0
273000,1.4273925,999.0,30.171974,-135.7245283126831,-135.7245283126831,1.0
274000,1.2659221,552.5,29.743698,1086.5573229789734,1086.5573229789734,1.0
275000,1.4787309,999.0,-14.342638,-129.93301486968994,-129.93301486968994,1.0
276000,1.4307837,508.0,-9.683616,592.5424671173096,592.5424671173096,1.0
277000,1.5828234,525.5,12.621073,533.5261511802673,533.5261511802673,1.0
278000,1.4511542,999.0,30.875412,-86.61181879043579,-86.61181879043579,1.0
279000,0.9876442,124.33333333333333,59.411247,1037.8430525461833,1037.8430525461833,1.0
280000,1.6034724,338.0,15.61132,650.2258996963501,650.2258996963501,1.0
281000,1.350638,999.0,36.11503,-114.85076332092285,-114.85076332092285,1.0
282000,0.79943836,518.0,42.940483,482.6975767612457,482.6975767612457,1.0
283000,1.0397422,507.0,24.779009,471.2444269657135,471.2444269657135,1.0
284000,1.1760103,501.0,4.348699,522.1380356550217,522.1380356550217,1.0
285000,1.2815772,999.0,14.871736,-79.24403524398804,-79.24403524398804,1.0
286000,1.575045,507.5,12.555835,441.17411029338837,441.17411029338837,1.0
287000,1.2133807,507.0,0.082323074,507.55410504341125,507.55410504341125,1.0
288000,1.3355772,999.0,16.694914,-52.54727125167847,-52.54727125167847,1.0
289000,1.4577103,516.0,7.181164,432.1004603803158,432.1004603803158,1.0
290000,1.0606639,999.0,21.849882,-196.44261264801025,-196.44261264801025,1.0
291000,1.078816,999.0,3.435965,-48.445518016815186,-48.445518016815186,1.0
292000,1.48879,520.5,-10.807113,485.87208127975464,485.87208127975464,1.0
293000,1.0691519,317.75,27.415073,746.6771595478058,746.6771595478058,1.0
294000,1.328981,999.0,10.909178,-144.355402469635,-144.355402469635,1.0
295000,1.2711949,359.6666666666667,37.23874,650.915567557017,650.915567557017,1.0
296000,1.1218761,221.0,62.299217,814.0445074081421,814.0445074081421,1.0
297000,1.5523181,999.0,-1.3613625,-124.89611911773682,-124.89611911773682,1.0
298000,1.2741039,999.0,10.71309,-172.92078399658203,-172.92078399658203,1.0
299000,0.84846354,503.5,45.463596,448.3944342136383,448.3944342136383,1.0
300000,0.9173269,999.0,62.151844,-18.60145664215088,-18.60145664215088,1.0
301000,1.2920115,999.0,4.1907916,-136.73210954666138,-136.73210954666138,1.0
302000,1.6269016,999.0,-8.846024,-91.77726364135742,-91.77726364135742,1.0
303000,1.3551172,999.0,-15.202336,-92.22989463806152,-92.22989463806152,1.0
304000,1.0314665,510.5,-17.13533,591.2269895076752,591.2269895076752,1.0
305000,1.2799311,999.0,-6.816594,-57.65223455429077,-57.65223455429077,1.0
306000,0.99292296,999.0,19.752182,-180.6417179107666,-180.6417179107666,1.0
307000,0.758196,358.5,61.32694,1019.3076682090759,1019.3076682090759,1.0
308000,1.0995945,945.0,17.59853,1017.3479061126709,1017.3479061126709,1.0
309000,1.0555639,999.0,-6.802784,-37.66615438461304,-37.66615438461304,1.0
310000,0.7036598,999.0,41.75855,-92.45096707344055,-92.45096707344055,1.0
311000,0.96916157,506.5,41.514984,503.17713165283203,503.17713165283203,1.0
312000,1.0380051,644.5,11.240896,456.18630504608154,456.18630504608154,1.0
313000,1.1208757,999.0,-4.091984,-124.81028938293457,-124.81028938293457,1.0
314000,0.6414849,527.5,36.89638,490.2852363586426,490.2852363586426,1.0
315000,0.59506917,999.0,79.35087,-223.98372888565063,-223.98372888565063,1.0
316000,1.4962636,999.0,12.733634,-159.45990562438965,-159.45990562438965,1.0
317000,1.2166376,500.0,6.7890334,483.1874198913574,483.1874198913574,1.0
318000,0.73334694,335.3333333333333,66.16684,640.918898264567,640.918898264567,1.0
319000,1.0004543,999.0,7.1503935,-108.55125331878662,-108.55125331878662,1.0
320000,0.92567843,999.0,2.4920244,-62.17000675201416,-62.17000675201416,1.0
321000,0.76469874,382.0,70.345474,726.9270807902018,726.9270807902018,1.0
322000,0.5317649,505.5,24.596388,464.9798049926758,464.9798049926758,1.0
323000,0.8044878,999.0,21.89361,-121.30483436584473,-121.30483436584473,1.0
324000,0.68052363,101.0,39.279297,1058.0646896362305,1058.0646896362305,1.0
325000,1.5649523,999.0,5.3359056,-76.051706969738,-76.051706969738,1.0
326000,1.4352045,506.0,8.679508,471.0222518444061,471.0222518444061,1.0
327000,1.3330549,999.0,7.5847063,-68.08084440231323,-68.08084440231323,1.0
328000,0.9136869,999.0,-47.192833,-176.18474102020264,-176.18474102020264,1.0
329000,0.7485383,548.6666666666666,10.946242,680.521343866984,680.521343866984,1.0
330000,0.8513515,999.0,-40.10014,-22.090470790863037,-22.090470790863037,1.0
331000,1.1037602,999.0,-40.382412,32.6443977355957,32.6443977355957,1.0
332000,1.4294128,999.0,-23.296091,14.33151388168335,14.33151388168335,1.0
333000,1.1014341,999.0,28.46758,-112.49821424484253,-112.49821424484253,1.0
334000,0.81172884,506.5,92.02545,482.97909688949585,482.97909688949585,1.0
335000,1.508631,344.0,6.0651913,664.5378630956014,664.5378630956014,1.0
336000,1.5137669,999.0,3.6919363,-34.82246923446655,-34.82246923446655,1.0
337000,0.63416564,926.0,30.822817,988.2407703399658,988.2407703399658,1.0
338000,0.6300108,518.0,56.768517,508.57379150390625,508.57379150390625,1.0
339000,0.86911935,510.0,18.972271,500.02539825439453,500.02539825439453,1.0
340000,1.1732754,999.0,13.855541,-60.76616096496582,-60.76616096496582,1.0
341000,0.6380901,514.5,124.42518,501.51843881607056,501.51843881607056,1.0
342000,1.2629144,999.0,17.30347,-115.31098079681396,-115.31098079681396,1.0
343000,1.4467118,262.0,13.47115,790.852000951767,790.852000951767,1.0
344000,0.86463237,197.0,57.803696,1126.8317260742188,1126.8317260742188,1.0
345000,0.7002929,563.6666666666666,103.26639,675.2469259897867,675.2469259897867,1.0
346000,0.92152846,277.25,23.6104,761.4589866399765,761.4589866399765,1.0
347000,0.8855357,999.0,60.109184,-143.94296288490295,-143.94296288490295,1.0
348000,0.8893312,502.0,37.611675,505.93147122859955,505.93147122859955,1.0
349000,1.1509267,505.0,-26.186815,556.8122260570526,556.8122260570526,1.0
350000,1.5773854,999.0,-16.431252,-11.79642105102539,-11.79642105102539,1.0
351000,1.3989937,999.0,-8.386261,-82.48381280899048,-82.48381280899048,1.0
352000,1.4581218,999.0,-18.282032,-57.91024732589722,-57.91024732589722,1.0
353000,1.3062227,999.0,-35.915077,-3.081216812133789,-3.081216812133789,1.0
354000,1.1506071,506.0,-37.04198,559.0089507102966,559.0089507102966,1.0
355000,1.2180073,999.0,-37.451595,36.18440246582031,36.18440246582031,1.0
356000,0.96264607,999.0,-4.6830516,-34.14054584503174,-34.14054584503174,1.0
357000,1.5726573,999.0,17.128578,-159.89079189300537,-159.89079189300537,1.0
358000,1.7208002,503.0,7.010661,463.5971748828888,463.5971748828888,1.0
359000,1.1899759,509.5,12.092563,483.8374661207199,483.8374661207199,1.0
360000,0.7863745,811.0,57.830055,1000.0086841583252,1000.0086841583252,1.0
361000,0.63611716,184.57142857142858,43.158108,844.1883198022842,844.1883198022842,1.0
362000,1.5623748,41.666666666666664,29.917433,1062.3811292648315,1062.3811292648315,1.0
363000,1.3434719,999.0,-31.513718,-121.7913761138916,-121.7913761138916,1.0
364000,1.1457881,999.0,23.140923,10.340301036834717,10.340301036834717,1.0
365000,1.1908379,999.0,50.01545,-160.80193400382996,-160.80193400382996,1.0
366000,0.79474616,545.5,104.11869,437.24867713451385,437.24867713451385,1.0
367000,1.0129108,999.0,50.079765,-152.7155818939209,-152.7155818939209,1.0
368000,1.3781933,377.3333333333333,48.079765,647.4542878468832,647.4542878468832,1.0
369000,0.77753145,788.0,35.647896,994.7729835510254,994.7729835510254,1.0
370000,0.7892207,426.6666666666667,31.226229,661.2393873532613,661.2393873532613,1.0
371000,1.0799494,999.0,-15.529257,-16.002429962158203,-16.002429962158203,1.0
372000,0.9823613,345.75,46.465652,749.5184198617935,749.5184198617935,1.0
373000,0.91696095,999.0,97.8465,-127.78113269805908,-127.78113269805908,1.0
374000,0.892289,999.0,127.36923,-42.694960594177246,-42.694960594177246,1.0
375000,1.4184663,999.0,18.52151,-137.36939907073975,-137.36939907073975,1.0
376000,1.1265424,999.0,-9.946888,-43.58398914337158,-43.58398914337158,1.0
377000,1.1344858,900.0,89.70615,1034.9653282165527,1034.9653282165527,1.0
378000,1.2484381,999.0,29.239851,-104.3910825252533,-104.3910825252533,1.0
379000,0.7045674,999.0,58.98879,-119.9912314414978,-119.9912314414978,1.0
380000,1.6380593,999.0,4.4589243,-161.40018391609192,-161.40018391609192,1.0
381000,1.2470376,502.5,-16.332695,506.24399495124817,506.24399495124817,1.0
382000,1.0392873,999.0,70.08109,-160.6718235015869,-160.6718235015869,1.0
383000,0.7367097,999.0,135.41193,57.567044258117676,57.567044258117676,1.0
384000,0.85191953,392.3333333333333,83.4801,1062.1780738830566,1062.1780738830566,1.0
385000,0.9270455,999.0,55.03795,-173.41357707977295,-173.41357707977295,1.0
386000,1.1177409,549.5,33.329983,-200.45060920715332,-200.45060920715332,1.0
387000,1.1803372,999.0,-24.953104,1133.8626098632812,1133.8626098632812,1.0
388000,0.8703544,35.4,53.042538,901.9427887598673,901.9427887598673,1.0
389000,0.620679,540.5,84.670364,477.8443900346756,477.8443900346756,1.0
390000,1.3803447,999.0,22.825367,-123.94002914428711,-123.94002914428711,1.0
391000,1.2331438,999.0,-33.957184,-113.50076293945312,-113.50076293945312,1.0
392000,0.69184756,507.0,79.689995,544.5167863368988,544.5167863368988,1.0
393000,0.90998846,573.0,57.127407,447.45224475860596,447.45224475860596,1.0
394000,0.8072901,504.0,66.96958,518.4650089740753,518.4650089740753,1.0
395000,0.7398366,316.5,132.31732,825.8973278999329,825.8973278999329,1.0
396000,0.79482794,585.5,105.0582,493.2375898361206,493.2375898361206,1.0
397000,1.1697831,999.0,56.594807,-129.15132474899292,-129.15132474899292,1.0
398000,0.47601143,999.0,75.87757,-305.5020270347595,-305.5020270347595,1.0
399000,1.52479,999.0,5.6144547,83.7844591140747,83.7844591140747,1.0
400000,1.464605,505.5,22.522163,488.96904158592224,488.96904158592224,1.0
401000,0.89194274,517.5,106.74444,515.0549755096436,515.0549755096436,1.0
402000,1.3733346,500.0,3.16302,492.15931510925293,492.15931510925293,1.0
403000,1.5406848,999.0,-1.2412323,-121.37062644958496,-121.37062644958496,1.0
404000,1.1303172,340.6666666666667,-14.605909,690.9365408420563,690.9365408420563,1.0
405000,1.3128237,999.0,-30.062649,-7.48734188079834,-7.48734188079834,1.0
406000,0.4827699,231.5,121.55012,1034.0676894187927,1034.0676894187927,1.0
407000,0.5331773,642.0,107.23647,967.2649364471436,967.2649364471436,1.0
408000,0.66167396,388.5,73.80009,1015.3064193725586,1015.3064193725586,1.0
409000,1.2809379,504.0,15.048872,451.09569215774536,451.09569215774536,1.0
410000,1.6202966,999.0,-5.096689,-49.25346040725708,-49.25346040725708,1.0
411000,1.4952192,999.0,-7.5198145,-150.96484196186066,-150.96484196186066,1.0
412000,1.3346751,999.0,0.9010575,-103.85590076446533,-103.85590076446533,1.0
413000,0.97337204,999.0,34.96242,-140.75990343093872,-140.75990343093872,1.0
414000,0.56613064,375.3333333333333,109.77061,630.6411596934,630.6411596934,1.0
415000,0.4752227,999.0,98.06163,-126.79962062835693,-126.79962062835693,1.0
416000,0.42905122,869.0,138.31885,953.665340423584,953.665340423584,1.0
417000,0.4886755,365.6666666666667,121.700066,747.1818612416586,747.1818612416586,1.0
418000,0.6921351,999.0,99.37869,-156.51380109786987,-156.51380109786987,1.0
419000,1.2105668,271.0,63.19819,769.8536539077759,769.8536539077759,1.0
420000,1.198924,508.5,-1.417758,464.44261491298676,464.44261491298676,1.0
421000,0.741919,999.0,33.652096,-85.57809638977051,-85.57809638977051,1.0
422000,0.89230025,999.0,46.012566,-78.74029541015625,-78.74029541015625,1.0
423000,1.1624556,999.0,-8.615666,-53.59948396682739,-53.59948396682739,1.0
424000,1.069301,999.0,26.458939,-200.7109067440033,-200.7109067440033,1.0
425000,1.0551469,999.0,13.035189,-90.3662166595459,-90.3662166595459,1.0
426000,1.3650055,508.5,-8.646064,539.6497143507004,539.6497143507004,1.0
427000,0.9957956,999.0,3.3133738,22.96476936340332,22.96476936340332,1.0
428000,0.6485776,506.0,76.75259,512.8494987487793,512.8494987487793,1.0
429000,0.9041171,279.0,78.48586,1039.9146003723145,1039.9146003723145,1.0
430000,1.1243193,529.0,-20.477423,564.5790133476257,564.5790133476257,1.0
431000,1.3536702,507.5,10.7011175,495.84452414512634,495.84452414512634,1.0
432000,1.6176043,500.5,22.681303,453.7076201438904,453.7076201438904,1.0
433000,1.5161121,999.0,12.351625,-115.05170106887817,-115.05170106887817,1.0
434000,1.2023175,999.0,28.284065,-179.62384271621704,-179.62384271621704,1.0
435000,1.3163344,999.0,-2.820295,-142.06405401229858,-142.06405401229858,1.0
436000,1.2188374,362.3333333333333,8.631265,688.8705667654673,688.8705667654673,1.0
437000,0.55272466,999.0,89.36473,-75.7312183380127,-75.7312183380127,1.0
438000,0.65638477,999.0,84.65999,-122.80792999267578,-122.80792999267578,1.0
439000,1.6932561,999.0,14.74601,-133.61663722991943,-133.61663722991943,1.0
440000,0.81493014,999.0,133.64389,-26.649173736572266,-26.649173736572266,1.0
441000,1.1401163,999.0,9.413945,-143.1015543937683,-143.1015543937683,1.0
442000,1.3784176,122.5,45.246887,1048.7096920013428,1048.7096920013428,1.0
443000,1.2208054,501.0,22.288498,446.5622081756592,446.5622081756592,1.0
444000,1.5676652,273.5,25.348974,763.2313799858093,763.2313799858093,1.0
445000,0.9656581,999.0,108.93494,-149.3641972541809,-149.3641972541809,1.0
446000,1.3701478,505.0,72.35954,489.93794679641724,489.93794679641724,1.0
447000,1.4204165,999.0,34.289387,-110.6490831375122,-110.6490831375122,1.0
448000,1.0973356,999.0,16.741833,-117.85810327529907,-117.85810327529907,1.0
449000,1.0457662,509.0,78.75343,511.9666922092438,511.9666922092438,1.0
450000,1.1664174,999.0,64.52944,-146.78115558624268,-146.78115558624268,1.0
451000,1.3859785,999.0,-15.241347,-119.25081443786621,-119.25081443786621,1.0
452000,1.300109,999.0,-26.87661,-26.177027225494385,-26.177027225494385,1.0
453000,1.1660554,215.83333333333334,53.317535,863.8026300271353,863.8026300271353,1.0
454000,1.37451,737.5,50.71951,1000.7808322906494,1000.7808322906494,1.0
455000,1.2595261,999.0,25.410913,-103.66873931884766,-103.66873931884766,1.0
456000,1.5183845,23.5,9.608132,639.8082478841146,639.8082478841146,1.0
457000,0.9371395,999.0,15.126272,-65.35986232757568,-65.35986232757568,1.0
458000,1.2193928,999.0,-24.091145,-165.87246108055115,-165.87246108055115,1.0
459000,1.6749642,999.0,7.6591625,-61.93788290023804,-61.93788290023804,1.0
460000,1.00161,999.0,43.826862,-137.0268259048462,-137.0268259048462,1.0
461000,0.89111286,999.0,130.69681,-188.8861756324768,-188.8861756324768,1.0
462000,1.2220986,999.0,-14.216184,-63.59885263442993,-63.59885263442993,1.0
463000,1.1597569,999.0,7.183757,-33.625393867492676,-33.625393867492676,1.0
464000,1.2123643,349.3333333333333,42.574596,632.4424676895142,632.4424676895142,1.0
465000,0.73482627,999.0,38.151115,-91.94191074371338,-91.94191074371338,1.0
466000,1.2454433,371.3333333333333,33.4972,673.7076597213745,673.7076597213745,1.0
467000,1.4852419,270.75,32.716995,762.0528106689453,762.0528106689453,1.0
468000,1.4144051,999.0,16.1004,-104.80085182189941,-104.80085182189941,1.0
469000,1.3392911,364.6666666666667,28.331238,669.03879626592,669.03879626592,1.0
470000,1.3094555,999.0,13.572311,-119.53181195259094,-119.53181195259094,1.0
471000,1.2634221,514.0,24.915054,502.8811922073364,502.8811922073364,1.0
472000,1.2447183,999.0,23.477312,-89.66548156738281,-89.66548156738281,1.0
473000,1.0668244,999.0,-3.161409,-114.06170082092285,-114.06170082092285,1.0
474000,1.0543408,999.0,-16.226814,-52.43870830535889,-52.43870830535889,1.0
475000,1.3425876,999.0,15.1210985,-161.65902137756348,-161.65902137756348,1.0
476000,1.6078858,519.0,22.532639,447.9750874042511,447.9750874042511,1.0
477000,1.2950866,220.0,16.924337,848.4533066749573,848.4533066749573,1.0
478000,0.79433995,246.6,47.77034,847.1604665756225,847.1604665756225,1.0
479000,0.742911,240.66666666666666,41.841595,1076.5896161397297,1076.5896161397297,1.0
480000,0.909599,291.5,-7.432284,746.8088223338127,746.8088223338127,1.0
481000,1.0845885,351.0,47.188637,710.7869763374329,710.7869763374329,1.0
482000,0.6298093,341.0,200.49748,1004.7908573150635,1004.7908573150635,1.0
483000,0.5086392,809.0,231.26842,960.2097110748291,960.2097110748291,1.0
484000,1.1631885,999.0,51.71765,-174.31913566589355,-174.31913566589355,1.0
485000,1.2267708,999.0,-40.132572,-26.829169273376465,-26.829169273376465,1.0
486000,1.2561822,567.0,19.986622,500.87755727767944,500.87755727767944,1.0
487000,1.4881175,999.0,-12.15709,-104.73861694335938,-104.73861694335938,1.0
488000,1.3859949,999.0,12.818193,-61.04444408416748,-61.04444408416748,1.0
489000,0.90341383,265.0,106.331215,738.2673147916794,738.2673147916794,1.0
490000,0.70866555,596.5,114.07092,470.55565452575684,470.55565452575684,1.0
491000,0.9618924,999.0,-8.448477,41.52194118499756,41.52194118499756,1.0
492000,0.8012708,502.5,74.40909,454.55511808395386,454.55511808395386,1.0
493000,1.223233,354.6666666666667,31.720919,669.2819183667501,669.2819183667501,1.0
494000,0.7518442,549.5,166.3136,486.3551664352417,486.3551664352417,1.0
495000,1.0613222,999.0,-38.08608,46.012760639190674,46.012760639190674,1.0
496000,1.1986845,999.0,41.21186,-189.26881456375122,-189.26881456375122,1.0
497000,0.5935037,386.3333333333333,205.40826,524.3995208740234,524.3995208740234,1.0
498000,1.4287848,999.0,-28.019009,1076.7657470703125,1076.7657470703125,1.0
499000,1.3055152,37.5,-4.686733,735.2365929285685,735.2365929285685,1.0
500000,1.4274805,999.0,13.209705,-47.913185596466064,-47.913185596466064,1.0
501000,1.5642945,999.0,-2.2900896,-169.39264965057373,-169.39264965057373,1.0
502000,1.6339785,269.75,68.40023,755.2422093153,755.2422093153,1.0
503000,0.6108953,249.16666666666666,132.0652,1043.048172235489,1043.048172235489,1.0
504000,0.74786866,999.0,62.20376,-145.07089638710022,-145.07089638710022,1.0
505000,0.5652188,999.0,72.301,-140.26966047286987,-140.26966047286987,1.0
506000,1.384169,999.0,23.123497,-148.6711082458496,-148.6711082458496,1.0
507000,1.1664754,999.0,2.965122,-158.52415323257446,-158.52415323257446,1.0
508000,1.4067218,512.5,11.812695,437.9221420288086,437.9221420288086,1.0
509000,1.236577,538.0,-5.7244596,501.8377184867859,501.8377184867859,1.0
510000,1.2530397,260.25,24.910078,763.6055541038513,763.6055541038513,1.0
511000,0.7242042,513.0,100.12437,443.2041552066803,443.2041552066803,1.0
512000,0.64608955,501.5,248.53587,558.9830586910248,558.9830586910248,1.0
513000,1.3883357,999.0,18.23574,-146.22481107711792,-146.22481107711792,1.0
514000,1.4921188,999.0,48.84352,-200.36814069747925,-200.36814069747925,1.0
515000,1.5267674,999.0,64.72506,-172.22078466415405,-172.22078466415405,1.0
516000,0.53202444,999.0,228.3445,120.83443832397461,120.83443832397461,1.0
517000,0.62077546,999.0,102.04384,-78.59016609191895,-78.59016609191895,1.0
518000,1.2981337,999.0,23.822613,-111.02928733825684,-111.02928733825684,1.0
519000,1.7256932,521.0,27.800495,457.0072703361511,457.0072703361511,1.0
520000,1.5925481,999.0,23.970943,-83.78997802734375,-83.78997802734375,1.0
521000,1.2335331,999.0,8.055621,-166.04960179328918,-166.04960179328918,1.0
522000,1.3808117,999.0,21.94076,-71.70913410186768,-71.70913410186768,1.0
523000,0.9864542,999.0,9.96061,-131.61188411712646,-131.61188411712646,1.0
524000,1.5016179,193.66666666666666,72.459366,1116.5496788024902,1116.5496788024902,1.0
525000,1.4169931,999.0,-24.144657,-73.52911186218262,-73.52911186218262,1.0
526000,1.0194644,216.0,17.65334,855.8069605827332,855.8069605827332,1.0
527000,0.7201264,459.0,85.66114,635.1455081303915,635.1455081303915,1.0
528000,1.682644,999.0,9.7531185,-110.88389420509338,-110.88389420509338,1.0
529000,0.8576914,502.0,41.163986,440.8773145675659,440.8773145675659,1.0
530000,0.9124279,509.0,47.24175,481.6329697370529,481.6329697370529,1.0
531000,1.6916711,999.0,-2.7825975,-121.866126537323,-121.866126537323,1.0
532000,1.213883,999.0,-35.40713,-69.27225971221924,-69.27225971221924,1.0
533000,0.59122425,508.0,54.394753,-45.64689636230469,-45.64689636230469,1.0
534000,0.1102237,999.0,43.00508,1022.4826049804688,1022.4826049804688,1.0
535000,1.3523512,26.333333333333332,19.877005,746.7885202169418,746.7885202169418,1.0
536000,1.6855669,999.0,14.144104,-100.07632160186768,-100.07632160186768,1.0
537000,1.3568863,999.0,30.069187,-146.661039352417,-146.661039352417,1.0
538000,1.3286326,999.0,-15.734852,-174.76323795318604,-174.76323795318604,1.0
539000,0.8396661,509.5,106.9898,480.67303252220154,480.67303252220154,1.0
540000,0.8751015,372.3333333333333,42.329205,654.9442534446716,654.9442534446716,1.0
541000,0.8326395,328.2,104.238686,807.8342932224274,807.8342932224274,1.0
542000,0.785002,345.6666666666667,55.857788,645.7491401036581,645.7491401036581,1.0
543000,0.9084705,692.0,55.230804,1023.1994142532349,1023.1994142532349,1.0
544000,1.494986,999.0,-3.6774435,-101.78534483909607,-101.78534483909607,1.0
545000,1.3849373,510.0,-12.450232,488.1230614185333,488.1230614185333,1.0
546000,1.2573972,546.5,-12.532802,504.8266558647156,504.8266558647156,1.0
547000,1.5078008,508.5,2.2168627,531.2900860309601,531.2900860309601,1.0
548000,1.2261059,999.0,-29.5186,-181.63222122192383,-181.63222122192383,1.0
549000,1.1670074,999.0,-25.576971,-109.80104923248291,-109.80104923248291,1.0
550000,1.2281892,999.0,-38.731514,-49.39151096343994,-49.39151096343994,1.0
551000,1.2843046,999.0,-37.11103,-166.0196385383606,-166.0196385383606,1.0
552000,1.1257441,220.0,2.8935,831.5049054145813,831.5049054145813,1.0
553000,1.5404227,999.0,28.831383,-55.809189319610596,-55.809189319610596,1.0
554000,0.95260984,682.0,151.75635,1034.8151769638062,1034.8151769638062,1.0
555000,1.1513951,547.0,-21.96468,1013.6477222442627,1013.6477222442627,1.0
556000,1.6399449,999.0,6.1783285,-32.07767677307129,-32.07767677307129,1.0
557000,0.7109042,212.83333333333334,153.076,837.3921517928442,837.3921517928442,1.0
558000,0.9566224,523.0,84.07325,586.347017288208,586.347017288208,1.0
559000,0.7172573,999.0,14.972418,-78.0563850402832,-78.0563850402832,1.0
560000,0.60008484,999.0,143.0484,-144.45674324035645,-144.45674324035645,1.0
561000,0.9594769,504.0,108.0816,544.1322040557861,544.1322040557861,1.0
562000,1.3100144,999.0,-1.5383065,-84.72468137741089,-84.72468137741089,1.0
563000,0.8250034,501.0,35.55102,470.63662981987,470.63662981987,1.0
564000,0.9557105,501.5,42.037617,462.59263944625854,462.59263944625854,1.0
565000,1.2741767,273.5,51.474995,792.719402551651,792.719402551651,1.0
566000,1.1389219,501.0,0.568801,444.60033881664276,444.60033881664276,1.0
567000,1.2849151,999.0,-32.58178,122.4909610748291,122.4909610748291,1.0
568000,1.4434078,503.5,51.11704,475.6835460662842,475.6835460662842,1.0
569000,1.1525613,513.5,76.285355,499.800261259079,499.800261259079,1.0
570000,1.3192604,506.5,70.640564,503.3510465621948,503.3510465621948,1.0
571000,1.290627,533.0,53.75229,499.05711829662323,499.05711829662323,1.0
572000,1.2298565,377.0,38.348778,651.6130995750427,651.6130995750427,1.0
573000,1.5120293,371.3333333333333,60.64275,681.4737175305685,681.4737175305685,1.0
574000,0.5464609,999.0,140.67297,-92.51387691497803,-92.51387691497803,1.0
575000,1.5252118,501.5,26.922499,421.74411845207214,421.74411845207214,1.0
576000,1.0653454,558.5,129.02065,-177.99700117111206,-177.99700117111206,1.0
577000,1.5800068,18.0,1.6596127,1038.1311140060425,1038.1311140060425,1.0
578000,0.6619909,522.0,129.73212,644.3273859024048,644.3273859024048,1.0
579000,0.9716326,875.0,178.14734,924.8030586242676,924.8030586242676,1.0
580000,1.4321741,501.5,45.62303,451.5361568927765,451.5361568927765,1.0
581000,1.5685494,534.5,10.598389,535.338059425354,535.338059425354,1.0
582000,1.6455905,999.0,1.4319739,-58.67162370681763,-58.67162370681763,1.0
583000,1.4881928,999.0,0.77979755,-124.87874269485474,-124.87874269485474,1.0
584000,1.1153568,999.0,79.79355,-132.05369663238525,-132.05369663238525,1.0
585000,0.84180343,382.6666666666667,160.18556,675.1851952870687,675.1851952870687,1.0
586000,1.0352671,318.0,29.262154,769.894074678421,769.894074678421,1.0
587000,1.2751753,999.0,-49.76867,21.321460008621216,21.321460008621216,1.0
588000,1.3139756,999.0,41.32107,-200.42669010162354,-200.42669010162354,1.0
589000,1.4790007,999.0,-28.435646,-74.50235223770142,-74.50235223770142,1.0
590000,1.1977714,506.0,70.65889,-222.92044591903687,-222.92044591903687,1.0
591000,1.2648662,499.5,-9.285934,1014.438232421875,1014.438232421875,1.0
592000,1.5383582,999.0,46.90596,-39.54300117492676,-39.54300117492676,1.0
593000,0.9540758,999.0,49.710007,-209.84163188934326,-209.84163188934326,1.0
594000,0.660008,12.666666666666666,243.97113,729.4487856626511,729.4487856626511,1.0
595000,1.7486428,504.0,68.55484,531.6319389343262,531.6319389343262,1.0
596000,1.283924,999.0,-1.0154243,-127.67813730239868,-127.67813730239868,1.0
597000,1.0858521,386.0,36.267773,663.273448308309,663.273448308309,1.0
598000,1.1568842,999.0,0.4200213,-87.1438398361206,-87.1438398361206,1.0
599000,0.9353864,637.5,72.27013,439.99774610996246,439.99774610996246,1.0
600000,1.009278,341.3333333333333,62.15835,684.1226116816202,684.1226116816202,1.0
601000,1.7120442,999.0,21.783123,-140.70402669906616,-140.70402669906616,1.0
602000,1.229851,340.0,111.84098,654.4090030988058,654.4090030988058,1.0
603000,1.2229295,999.0,104.58276,37.14720344543457,37.14720344543457,1.0
604000,1.0656114,999.0,19.567923,-74.41564846038818,-74.41564846038818,1.0
605000,0.8807709,523.0,66.99006,466.11680030822754,466.11680030822754,1.0
606000,1.021595,505.0,50.88276,505.11573696136475,505.11573696136475,1.0
607000,0.7293826,501.5,120.557846,466.28683853149414,466.28683853149414,1.0
608000,1.1252717,431.0,67.258644,1037.9411888122559,1037.9411888122559,1.0
609000,1.3507859,519.5,-9.087076,537.2285716533661,537.2285716533661,1.0
610000,1.3639892,999.0,-16.305923,-101.71742868423462,-101.71742868423462,1.0
611000,1.3002617,506.5,-27.981987,473.90869331359863,473.90869331359863,1.0
612000,1.35885,510.0,-1.6186695,494.3610408306122,494.3610408306122,1.0
613000,1.4373949,999.0,17.084904,-129.25116968154907,-129.25116968154907,1.0
614000,1.3728526,999.0,-16.239822,-160.5025053024292,-160.5025053024292,1.0
615000,1.3496877,509.0,-0.43017757,485.90748858451843,485.90748858451843,1.0
616000,0.9565005,529.0,48.781815,512.3807886838913,512.3807886838913,1.0
617000,1.0796238,999.0,101.237076,-111.44003582000732,-111.44003582000732,1.0
618000,1.4759432,264.5,35.19752,754.0474741458893,754.0474741458893,1.0
619000,1.0291334,999.0,-28.763145,-60.98401880264282,-60.98401880264282,1.0
620000,1.1665026,999.0,-12.588828,-82.59189462661743,-82.59189462661743,1.0
621000,1.3002278,999.0,23.82307,-91.54947686195374,-91.54947686195374,1.0
622000,0.87063426,999.0,63.533447,-138.97975540161133,-138.97975540161133,1.0
623000,1.3656106,346.3333333333333,52.66735,664.6442593733469,664.6442593733469,1.0
624000,1.1611946,522.5,58.344673,472.2767938375473,472.2767938375473,1.0
625000,1.0445956,999.0,149.74866,-235.85487174987793,-235.85487174987793,1.0
626000,1.1822435,999.0,-22.436007,-63.788941383361816,-63.788941383361816,1.0
627000,1.0794938,589.5,24.430286,435.0506217479706,435.0506217479706,1.0
628000,1.1318756,522.0,-41.8269,22.79272222518921,22.79272222518921,1.0
629000,1.600474,999.0,10.291382,1156.439453125,1156.439453125,1.0
630000,1.4503219,503.0,-6.566744,494.2815115451813,494.2815115451813,1.0
631000,1.0481051,505.0,-22.783215,526.3787114620209,526.3787114620209,1.0
632000,0.63639814,25.0,292.276,510.5743200778961,510.5743200778961,1.0
633000,1.1548504,999.0,27.326172,-28.57042694091797,-28.57042694091797,1.0
634000,1.0665402,999.0,98.44019,-143.27662658691406,-143.27662658691406,1.0
635000,1.35702,261.5,55.299423,725.2642109394073,725.2642109394073,1.0
636000,0.83915013,785.0,97.35428,397.757860660553,397.757860660553,1.0
637000,1.2973155,352.3333333333333,94.496796,659.1192247072855,659.1192247072855,1.0
638000,1.3743383,507.5,-9.057682,588.8951712846756,588.8951712846756,1.0
639000,1.4769502,252.25,9.810651,752.7655755281448,752.7655755281448,1.0
640000,1.1658727,172.28571428571428,78.382576,900.0430005618504,900.0430005618504,1.0
641000,0.7836838,527.0,214.47212,-213.50609016418457,-213.50609016418457,1.0
642000,1.023876,10.333333333333334,166.01193,1031.100845336914,1031.100845336914,1.0
643000,1.1367853,999.0,-0.11972046,-173.90728282928467,-173.90728282928467,1.0
644000,1.2587439,192.66666666666666,96.65195,886.0608603954315,886.0608603954315,1.0
645000,1.3132776,999.0,-26.372057,-166.64515686035156,-166.64515686035156,1.0
646000,1.0113469,999.0,-27.18468,-77.58927202224731,-77.58927202224731,1.0
647000,0.689598,999.0,40.16976,-74.12569570541382,-74.12569570541382,1.0
648000,1.3045236,341.0,9.375528,700.6216831207275,700.6216831207275,1.0
649000,1.3631381,508.0,57.89962,528.0008352994919,528.0008352994919,1.0
650000,1.328849,999.0,19.527018,-134.89694738388062,-134.89694738388062,1.0
651000,1.2861984,999.0,-34.8921,-100.87187504768372,-100.87187504768372,1.0
652000,1.4580882,999.0,9.170187,-54.194281578063965,-54.194281578063965,1.0
653000,1.2986872,507.0,4.338166,456.49812281131744,456.49812281131744,1.0
654000,1.3311445,260.5,25.503874,757.4201835393906,757.4201835393906,1.0
655000,1.0708104,351.3333333333333,-21.232582,669.1216499010721,669.1216499010721,1.0
656000,1.3204864,999.0,-17.004738,34.18852710723877,34.18852710723877,1.0
657000,1.4427613,519.0,22.776985,496.6625723838806,496.6625723838806,1.0
658000,1.3477868,205.2,26.912323,812.3648163795472,812.3648163795472,1.0
659000,1.3364943,999.0,-20.363646,-109.76967334747314,-109.76967334747314,1.0
660000,1.1233256,266.25,44.781292,757.1788537502289,757.1788537502289,1.0
661000,1.2545273,999.0,49.2353,-127.36580038070679,-127.36580038070679,1.0
662000,1.4830573,999.0,45.902798,-170.385892868042,-170.385892868042,1.0
663000,1.4562873,999.0,74.352974,-123.74194550514221,-123.74194550514221,1.0
664000,1.5514636,999.0,23.732224,-120.99972248077393,-120.99972248077393,1.0
665000,1.3122243,999.0,-28.842335,-82.80987119674683,-82.80987119674683,1.0
666000,0.8373609,999.0,94.29315,-92.53069424629211,-92.53069424629211,1.0
667000,0.8392071,999.0,218.94052,52.741146087646484,52.741146087646484,1.0
668000,1.1579157,999.0,100.78713,-122.88638019561768,-122.88638019561768,1.0
669000,1.2139786,999.0,4.373312,-171.10637974739075,-171.10637974739075,1.0
670000,1.0744269,537.5,-2.32267,469.19071340560913,469.19071340560913,1.0
671000,1.0798506,506.0,-22.437294,510.0502116680145,510.0502116680145,1.0
672000,0.8102377,999.0,52.43155,-131.81350564956665,-131.81350564956665,1.0
673000,1.0494626,567.0,-8.771984,975.7573184967041,975.7573184967041,1.0
674000,1.2738475,339.3333333333333,-7.578977,657.2009293238322,657.2009293238322,1.0
675000,0.73169935,569.3333333333334,82.218765,697.3653457959493,697.3653457959493,1.0
676000,1.2894444,734.0,98.18402,1026.9281845092773,1026.9281845092773,1.0
677000,1.2811251,999.0,52.152973,-77.00270557403564,-77.00270557403564,1.0
678000,0.96363056,506.5,53.676605,518.5038803815842,518.5038803815842,1.0
679000,1.1256328,999.0,32.368443,-177.14584016799927,-177.14584016799927,1.0
680000,1.3509007,999.0,-11.2639065,-65.78552055358887,-65.78552055358887,1.0
681000,1.3053186,269.5,85.127365,764.3856382369995,764.3856382369995,1.0
682000,1.1797664,999.0,25.661503,-238.22764229774475,-238.22764229774475,1.0
683000,1.1978745,999.0,-14.045138,-43.220983028411865,-43.220983028411865,1.0
684000,1.2224776,999.0,89.08815,-117.30724811553955,-117.30724811553955,1.0
685000,0.7656864,889.0,194.36209,1019.9719123840332,1019.9719123840332,1.0
686000,1.2625086,532.0,47.83495,465.8911715745926,465.8911715745926,1.0
687000,1.3871977,350.6666666666667,42.502216,646.396102587382,646.396102587382,1.0
688000,1.2470815,348.6666666666667,4.751262,702.1775787671407,702.1775787671407,1.0
689000,1.5389199,505.5,57.585052,522.946769118309,522.946769118309,1.0
690000,1.3482846,263.75,47.711487,789.3817101716995,789.3817101716995,1.0
691000,1.5640324,999.0,36.43061,-124.22488188743591,-124.22488188743591,1.0
692000,1.265221,999.0,51.034286,-129.68665313720703,-129.68665313720703,1.0
693000,1.0653356,999.0,-20.671032,-75.4619255065918,-75.4619255065918,1.0
694000,1.0887513,506.0,3.2310405,516.4388045072556,516.4388045072556,1.0
695000,1.24505,506.5,-21.732845,493.7142758369446,493.7142758369446,1.0
696000,1.3734822,357.0,16.066236,674.2598864237467,674.2598864237467,1.0
697000,1.0307531,104.5,150.32559,1155.374044418335,1155.374044418335,1.0
698000,1.0849633,999.0,23.290993,-124.88655662536621,-124.88655662536621,1.0
699000,0.8334677,999.0,188.99873,-151.63279342651367,-151.63279342651367,1.0
700000,1.0861055,256.0,72.61769,788.2846717834473,788.2846717834473,1.0
701000,1.1537952,210.6,29.780447,808.5325262069703,808.5325262069703,1.0
702000,1.1310425,999.0,10.881189,-108.89317989349365,-108.89317989349365,1.0
703000,1.2329261,534.0,16.27673,407.5629425048828,407.5629425048828,1.0
704000,1.2894167,999.0,-0.07175994,-65.54988741874695,-65.54988741874695,1.0
705000,1.2993789,999.0,-13.692926,-199.7847969532013,-199.7847969532013,1.0
706000,1.1387023,361.3333333333333,88.66204,707.5775960286459,707.5775960286459,1.0
707000,0.86664516,533.0,231.38939,424.46728253364563,424.46728253364563,1.0
708000,0.6534322,999.0,329.32928,79.58761215209961,79.58761215209961,1.0
709000,0.68631804,999.0,207.62689,69.41067886352539,69.41067886352539,1.0
710000,1.3303541,782.0,33.95053,1027.3986701965332,1027.3986701965332,1.0
711000,0.96022624,345.6666666666667,163.02718,664.8387506802877,664.8387506802877,1.0
712000,0.88230854,259.0,122.90644,751.9181146621704,751.9181146621704,1.0
713000,1.241069,999.0,-15.210222,-99.78745794296265,-99.78745794296265,1.0
714000,1.2050313,999.0,35.640087,-73.7692346572876,-73.7692346572876,1.0
715000,1.1177114,999.0,129.29855,-156.2108166217804,-156.2108166217804,1.0
