Steps,Policy/Entropy,Policy/Extrinsic Value Estimate,Environment/Episode Length,Environment/Cumulative Reward,Policy/Extrinsic Reward,Is Training
1000,1.098449,0.13404997,127.0,-129.2474980354309,-129.2474980354309,1.0
2000,1.0984251,0.1323261,999.0,-1096.6000213623047,-1096.6000213623047,1.0
3000,1.0967166,-0.36370865,436.0,-469.59500885009766,-469.59500885009766,1.0
4000,1.0964357,-0.4322029,292.0,-312.1040065765381,-312.1040065765381,1.0
5000,1.0917295,-0.94822764,136.25,-140.0962496995926,-140.0962496995926,1.0
6000,1.0908173,-1.1435742,218.5,-229.52750158309937,-229.52750158309937,1.0
7000,1.0947547,-1.5252862,414.0,-445.89001274108887,-445.89001274108887,1.0
8000,1.0954841,-1.7699633,367.75,-393.94500517845154,-393.94500517845154,1.0
9000,1.0905339,-2.4887924,244.25,-258.9025059938431,-258.9025059938431,1.0
10000,1.088397,-2.6911108,249.2,-263.95800552368166,-263.95800552368166,1.0
11000,1.0826031,-3.2623272,175.33333333333334,-187.92199935913087,-187.92199935913087,1.0
12000,1.0775232,-3.6522183,204.0,-193.40333620707193,-193.40333620707193,1.0
13000,1.0813198,-4.1096215,284.4,-301.680005645752,-301.680005645752,1.0
14000,1.084017,-4.4394317,147.14285714285714,-151.7242864881243,-151.7242864881243,1.0
15000,1.0787624,-4.717948,125.625,-127.75375127792358,-127.75375127792358,1.0
16000,1.0732945,-5.1028943,138.4,-141.82800130844117,-141.82800130844117,1.0
17000,1.0663906,-5.322487,224.5,-236.62833833694458,-236.62833833694458,1.0
18000,1.0579782,-5.9802322,369.0,-395.9700050354004,-395.9700050354004,1.0
19000,1.0585912,-6.101135,260.4,-275.7220058441162,-275.7220058441162,1.0
20000,1.0575119,-6.421226,202.83333333333334,-213.2466665903727,-213.2466665903727,1.0
21000,1.0526386,-6.9625144,999.0,-1099.670021057129,-1099.670021057129,1.0
22000,1.04457,-7.4527144,292.25,-386.6533381144206,-386.6533381144206,1.0
23000,1.0444078,-7.8183103,229.0,-212.76600475311278,-212.76600475311278,1.0
24000,1.0483564,-8.529274,999.0,-1100.0000228881836,-1100.0000228881836,1.0
25000,1.0478911,-8.662041,753.0,-818.0400161743164,-818.0400161743164,1.0
26000,1.0451237,-9.870246,241.6,-254.82800102233887,-254.82800102233887,1.0
27000,1.0471054,-10.320397,178.4,-185.8140033721924,-185.8140033721924,1.0
28000,1.0552567,-10.239978,230.4,-242.92200469970703,-242.92200469970703,1.0
29000,1.0562416,-10.869987,306.6666666666667,-326.25000588099164,-326.25000588099164,1.0
30000,1.0430548,-11.002861,186.0,-194.7375030517578,-194.7375030517578,1.0
31000,1.0445155,-11.550984,632.5,-685.7450129985809,-685.7450129985809,1.0
32000,1.0341915,-10.986162,99.16666666666667,-99.51833192507426,-99.51833192507426,1.0
33000,1.0326765,-11.785105,999.0,-1083.000015258789,-1083.000015258789,1.0
34000,1.0506275,-11.968017,291.0,-309.628005695343,-309.628005695343,1.0
35000,1.0484482,-11.939296,131.75,-148.64428492954798,-148.64428492954798,1.0
36000,1.0562845,-12.395337,144.0,-92.46000003814697,-92.46000003814697,1.0
37000,1.0606915,-12.418324,312.0,-336.54600620269775,-336.54600620269775,1.0
38000,1.0665,-12.833962,241.0,-272.8975055217743,-272.8975055217743,1.0
39000,1.0806304,-13.268484,784.0,-850.9000225067139,-850.9000225067139,1.0
40000,1.0681028,-13.157379,158.75,-164.25000417232513,-164.25000417232513,1.0
41000,1.0596843,-13.234027,211.6,-222.0500060081482,-222.0500060081482,1.0
42000,1.0566456,-13.399152,262.5,-276.9900014400482,-276.9900014400482,1.0
43000,1.0530448,-13.243851,75.75,-73.49583284060161,-73.49583284060161,1.0
44000,1.0477021,-13.833011,203.4,-211.71000480651855,-211.71000480651855,1.0
45000,1.0479922,-13.930675,199.0,-206.8275021314621,-206.8275021314621,1.0
46000,1.0565794,-14.67058,539.5,-583.9400086402893,-583.9400086402893,1.0
47000,1.0536786,-14.332952,333.6666666666667,-354.59667587280273,-354.59667587280273,1.0
48000,1.0426067,-14.845103,300.6666666666667,-320.53333648045856,-320.53333648045856,1.0
49000,1.0323398,-15.18654,639.0,-696.3350143432617,-696.3350143432617,1.0
50000,1.0307837,-15.388994,235.25,-248.03000378608704,-248.03000378608704,1.0
51000,1.0352211,-15.766888,358.3333333333333,-386.5900077819824,-386.5900077819824,1.0
52000,1.0276425,-16.188583,189.4,-198.4259994506836,-198.4259994506836,1.0
53000,1.0114372,-15.944477,102.0,-101.4660005569458,-101.4660005569458,1.0
54000,1.0027341,-15.98046,213.0,-224.2500057220459,-224.2500057220459,1.0
55000,1.0125593,-16.318586,313.5,-334.1375069618225,-334.1375069618225,1.0
56000,1.0194045,-16.491367,230.8,-242.8940026283264,-242.8940026283264,1.0
57000,1.0088825,-16.278889,125.11111111111111,-127.27555433909099,-127.27555433909099,1.0
58000,1.0130002,-16.70962,152.83333333333334,-157.0183355808258,-157.0183355808258,1.0
59000,0.97603375,-16.81354,228.0,-225.897505402565,-225.897505402565,1.0
60000,0.97682834,-17.093182,109.0,-138.03111171722412,-138.03111171722412,1.0
61000,0.959648,-16.975443,114.625,-107.2688890033298,-107.2688890033298,1.0
62000,0.9653975,-16.900812,117.375,-118.125,-118.125,1.0
63000,0.9224859,-17.44191,89.27272727272727,-88.09545334902677,-88.09545334902677,1.0
64000,0.92493343,-17.71987,130.25,-132.15250182151794,-132.15250182151794,1.0
65000,0.9279562,-17.281174,134.625,-151.8485736165728,-151.8485736165728,1.0
66000,0.92718077,-17.77754,217.0,-189.1800012588501,-189.1800012588501,1.0
67000,0.9031529,-18.193483,177.6,-185.32200355529784,-185.32200355529784,1.0
68000,0.8870252,-17.995934,135.11111111111111,-137.94666862487793,-137.94666862487793,1.0
69000,0.87177485,-18.544355,116.5,-117.31374740600586,-117.31374740600586,1.0
70000,0.90884095,-18.805466,396.5,-422.7000045776367,-422.7000045776367,1.0
71000,0.9014178,-18.123165,104.16666666666667,-104.12333242098491,-104.12333242098491,1.0
72000,0.88465613,-18.82395,127.0,-129.3483370145162,-129.3483370145162,1.0
73000,0.8622133,-18.537716,192.66666666666666,-200.328333457311,-200.328333457311,1.0
74000,0.8296832,-18.741488,110.11111111111111,-108.67888715532091,-108.67888715532091,1.0
75000,0.8512782,-18.886436,154.0,-173.62500222524008,-173.62500222524008,1.0
76000,0.8181513,-19.440527,79.41666666666667,-75.51384360973651,-75.51384360973651,1.0
77000,0.8338193,-18.921865,76.27272727272727,-73.494543985887,-73.494543985887,1.0
78000,0.8493142,-19.365633,95.66666666666667,-94.82500012715657,-94.82500012715657,1.0
79000,0.84939843,-19.555138,102.75,-102.15875041484833,-102.15875041484833,1.0
80000,0.76823944,-19.743185,121.8,-132.57110977172852,-132.57110977172852,1.0
81000,0.8015074,-18.984713,96.5,-88.2319990158081,-88.2319990158081,1.0
82000,0.7993323,-19.637974,61.5,-57.7537485063076,-57.7537485063076,1.0
83000,0.77495176,-20.073195,83.83333333333333,-88.0916633605957,-88.0916633605957,1.0
84000,0.80590355,-20.047571,139.28571428571428,-134.32428686959403,-134.32428686959403,1.0
85000,0.8000332,-19.794994,72.84615384615384,-71.39785661016192,-71.39785661016192,1.0
86000,0.8000288,-20.713903,99.0,-98.59899873733521,-98.59899873733521,1.0
87000,0.7920449,-20.737204,128.375,-141.4414245060512,-141.4414245060512,1.0
88000,0.7811675,-20.76588,146.85714285714286,-110.67857142857143,-110.67857142857143,1.0
89000,0.7570386,-20.180752,59.46666666666667,-72.37624862790108,-72.37624862790108,1.0
90000,0.7829621,-20.818617,113.77777777777777,-113.85444460974799,-113.85444460974799,1.0
91000,0.7948047,-20.541256,88.2,-86.65700068473816,-86.65700068473816,1.0
92000,0.7666322,-20.539814,112.3,-122.71666526794434,-122.71666526794434,1.0
93000,0.7964482,-21.405493,88.7,-81.4372710314664,-81.4372710314664,1.0
94000,0.7927408,-20.649654,136.5,-147.64285509926933,-147.64285509926933,1.0
95000,0.7310143,-21.076942,93.71428571428571,-88.82375007867813,-88.82375007867813,1.0
96000,0.6989827,-21.076166,140.11111111111111,-142.55777655707465,-142.55777655707465,1.0
97000,0.765739,-21.198122,63.8,-60.008666801452634,-60.008666801452634,1.0
98000,0.75290084,-21.379532,91.33333333333333,-94.3599980094216,-94.3599980094216,1.0
99000,0.73334605,-21.468538,84.63636363636364,-79.18749777475993,-79.18749777475993,1.0
100000,0.7280406,-22.094965,100.3,-99.81199855804444,-99.81199855804444,1.0
101000,0.7177208,-21.081993,70.42857142857143,-67.43285642351422,-67.43285642351422,1.0
102000,0.7304362,-21.712162,86.08333333333333,-90.14454598860307,-90.14454598860307,1.0
103000,0.6913818,-21.735508,69.16666666666667,-61.935382696298454,-61.935382696298454,1.0
104000,0.66405195,-22.048756,139.625,-141.10624998807907,-141.10624998807907,1.0
105000,0.68562627,-22.33784,106.22222222222223,-105.35110929277208,-105.35110929277208,1.0
106000,0.7187662,-22.016346,95.81818181818181,-95.12899885177612,-95.12899885177612,1.0
107000,0.66448605,-21.722816,53.36842105263158,-49.938947225871836,-49.938947225871836,1.0
108000,0.679717,-22.191263,75.0,-70.10999822616577,-70.10999822616577,1.0
109000,0.64864963,-22.582617,89.92307692307692,-88.11769210375272,-88.11769210375272,1.0
110000,0.65253633,-22.578302,142.28571428571428,-145.56714282717024,-145.56714282717024,1.0
111000,0.6512647,-22.724068,68.0,-65.36642697879246,-65.36642697879246,1.0
112000,0.62715816,-22.064508,61.9375,-57.14312279224396,-57.14312279224396,1.0
113000,0.6708131,-22.537495,64.0,-58.87399854660034,-58.87399854660034,1.0
114000,0.660902,-22.863886,76.0909090909091,-72.50181596929377,-72.50181596929377,1.0
115000,0.6467969,-22.89542,67.6470588235294,-64.21999908896053,-64.21999908896053,1.0
116000,0.65681356,-23.181845,75.78571428571429,-74.35153953845685,-74.35153953845685,1.0
117000,0.63488334,-23.127413,87.9090909090909,-85.690908648751,-85.690908648751,1.0
118000,0.61359006,-23.677328,71.07692307692308,-66.18285182544163,-66.18285182544163,1.0
119000,0.6114216,-22.7771,58.72222222222222,-51.66823302998262,-51.66823302998262,1.0
120000,0.54628164,-24.029324,64.2,-63.75333121617635,-63.75333121617635,1.0
121000,0.56340855,-23.620623,56.76470588235294,-51.60444246398078,-51.60444246398078,1.0
122000,0.57655543,-23.269156,62.0,-57.781873911619186,-57.781873911619186,1.0
123000,0.58838105,-23.886108,78.61538461538461,-78.45833082993825,-78.45833082993825,1.0
124000,0.5642595,-23.883125,89.45454545454545,-86.82454499331388,-86.82454499331388,1.0
125000,0.52432,-23.221607,68.64285714285714,-63.960666020711265,-63.960666020711265,1.0
126000,0.58299845,-23.361748,81.5,-78.78916736443837,-78.78916736443837,1.0
127000,0.57537687,-24.282774,93.0909090909091,-91.64699935913086,-91.64699935913086,1.0
128000,0.5030563,-23.581757,80.83333333333333,-82.05333089828491,-82.05333089828491,1.0
129000,0.52762806,-23.356276,66.0,-60.29133262634277,-60.29133262634277,1.0
130000,0.52742803,-24.142096,88.0,-92.60090966658159,-92.60090966658159,1.0
131000,0.60880494,-24.809052,69.5,-62.10133387247721,-62.10133387247721,1.0
132000,0.53151464,-24.326279,99.22222222222223,-98.00444412231445,-98.00444412231445,1.0
133000,0.5963514,-25.73352,217.0,-227.87200183868407,-227.87200183868407,1.0
134000,0.5935088,-24.130194,75.28571428571429,-68.56768963887141,-68.56768963887141,1.0
135000,0.5891542,-24.221783,65.83333333333333,-66.86614949886615,-66.86614949886615,1.0
136000,0.56595117,-24.869131,64.58823529411765,-60.81352831335629,-60.81352831335629,1.0
137000,0.5786484,-24.303577,69.57142857142857,-66.32642773219517,-66.32642773219517,1.0
138000,0.585866,-24.540289,58.27777777777778,-54.87646818161011,-54.87646818161011,1.0
139000,0.5843061,-24.370838,59.5,-53.634704645942236,-53.634704645942236,1.0
140000,0.60195065,-25.664873,111.77777777777777,-115.95499980449677,-115.95499980449677,1.0
141000,0.57304764,-25.239502,79.0,-77.10076779585619,-77.10076779585619,1.0
142000,0.6015171,-24.991858,60.0625,-55.8262482881546,-55.8262482881546,1.0
143000,0.5960692,-25.107105,46.142857142857146,-40.17856940769014,-40.17856940769014,1.0
144000,0.55692834,-24.88429,59.94117647058823,-55.42117449816536,-55.42117449816536,1.0
145000,0.53053343,-25.300295,75.16666666666667,-71.67333245277405,-71.67333245277405,1.0
146000,0.5367939,-24.820797,54.1578947368421,-48.94157748473318,-48.94157748473318,1.0
147000,0.5774458,-25.894392,70.46666666666667,-61.202143566949026,-61.202143566949026,1.0
148000,0.5503767,-25.500816,58.25,-59.59529413896448,-59.59529413896448,1.0
149000,0.5575937,-25.375565,61.1875,-57.224999725818634,-57.224999725818634,1.0
150000,0.57630825,-26.38107,73.27272727272727,-70.26999772678722,-70.26999772678722,1.0
151000,0.5679508,-25.413853,100.08333333333333,-98.74166572093964,-98.74166572093964,1.0
152000,0.57768303,-25.75259,86.27272727272727,-84.80454358187589,-84.80454358187589,1.0
153000,0.5811105,-25.8813,55.94736842105263,-52.246110889646744,-52.246110889646744,1.0
154000,0.58148456,-26.288431,81.72727272727273,-74.57499591509502,-74.57499591509502,1.0
155000,0.5773971,-26.596409,53.25,-46.320526022660104,-46.320526022660104,1.0
156000,0.501319,-25.699268,42.75,-38.87142812638056,-38.87142812638056,1.0
157000,0.50743145,-25.806955,68.6875,-67.1706647237142,-67.1706647237142,1.0
158000,0.57317275,-26.682556,112.66666666666667,-111.86110957463582,-111.86110957463582,1.0
159000,0.5049885,-25.288185,50.421052631578945,-36.3821042964333,-36.3821042964333,1.0
160000,0.5211477,-26.297218,77.46153846153847,-81.82538395661574,-81.82538395661574,1.0
161000,0.49494424,-26.704357,110.625,-112.80221949683295,-112.80221949683295,1.0
162000,0.51665306,-27.084599,153.57142857142858,-161.80833371480307,-161.80833371480307,1.0
163000,0.46479064,-26.498644,83.58333333333333,-70.99083383878072,-70.99083383878072,1.0
164000,0.48509413,-27.062803,72.21428571428571,-83.96785521507263,-83.96785521507263,1.0
165000,0.4344105,-26.674051,60.875,-56.04687315225601,-56.04687315225601,1.0
166000,0.41157702,-25.58097,55.35294117647059,-50.12833253542582,-50.12833253542582,1.0
167000,0.45189562,-27.40326,84.9090909090909,-82.31727140600032,-82.31727140600032,1.0
168000,0.4404691,-26.954731,65.875,-64.81133136749267,-64.81133136749267,1.0
169000,0.4421803,-26.207203,51.35,-44.256998324394225,-44.256998324394225,1.0
170000,0.43261522,-26.194784,51.44444444444444,-49.80166204770406,-49.80166204770406,1.0
171000,0.41877615,-27.159899,56.833333333333336,-48.71222050984701,-48.71222050984701,1.0
172000,0.42906913,-26.373194,54.0,-49.491664250691734,-49.491664250691734,1.0
173000,0.42187095,-26.922619,73.28571428571429,-63.09461149802575,-63.09461149802575,1.0
174000,0.40099037,-26.568726,61.0625,-65.09437412023544,-65.09437412023544,1.0
175000,0.44645244,-27.125355,56.0,-49.40764659993789,-49.40764659993789,1.0
176000,0.41356775,-26.945564,78.28571428571429,-67.87384337645311,-67.87384337645311,1.0
177000,0.45215604,-26.750513,48.21052631578947,-48.979497361183164,-48.979497361183164,1.0
178000,0.40796757,-27.521416,55.21052631578947,-51.69999729262458,-51.69999729262458,1.0
179000,0.46234125,-26.539858,49.10526315789474,-43.12499907016754,-43.12499907016754,1.0
180000,0.45859855,-26.985912,79.15384615384616,-79.44083201885223,-79.44083201885223,1.0
181000,0.4212777,-26.992146,62.4,-56.54062420129776,-56.54062420129776,1.0
182000,0.3953796,-27.395258,101.5,-101.57666397094727,-101.57666397094727,1.0
183000,0.437466,-27.299637,45.55555555555556,-42.47526156274896,-42.47526156274896,1.0
184000,0.4627499,-28.361897,163.16666666666666,-168.36333258946738,-168.36333258946738,1.0
185000,0.4350785,-26.993477,64.27777777777777,-64.2658803322736,-64.2658803322736,1.0
186000,0.43567967,-27.525066,79.15384615384616,-72.30538426912747,-72.30538426912747,1.0
187000,0.37987015,-27.134008,52.61538461538461,-47.977141414369854,-47.977141414369854,1.0
188000,0.3717786,-28.059698,71.6875,-68.25499844551086,-68.25499844551086,1.0
189000,0.3557025,-27.822865,84.76923076923077,-87.84499875704448,-87.84499875704448,1.0
190000,0.43636945,-27.567593,56.05555555555556,-49.89388714896308,-49.89388714896308,1.0
191000,0.41734117,-27.463758,55.3125,-50.41235230950748,-50.41235230950748,1.0
192000,0.38209906,-27.316038,50.285714285714285,-46.266497707366945,-46.266497707366945,1.0
193000,0.42337364,-27.604858,42.82608695652174,-35.828261354695194,-35.828261354695194,1.0
194000,0.42795724,-28.138474,57.470588235294116,-54.483528417699475,-54.483528417699475,1.0
195000,0.380948,-27.593332,47.68421052631579,-41.357499670982364,-41.357499670982364,1.0
196000,0.4175608,-27.5302,46.142857142857146,-40.814285051255,-40.814285051255,1.0
197000,0.4442828,-27.613264,76.0,-74.01461344498854,-74.01461344498854,1.0
198000,0.35587284,-27.54152,61.13333333333333,-56.428748309612274,-56.428748309612274,1.0
199000,0.36641258,-27.413744,70.2,-48.658569880894255,-48.658569880894255,1.0
200000,0.39841497,-27.676458,60.46666666666667,-73.14374840259552,-73.14374840259552,1.0
201000,0.38032287,-27.653063,53.25,-49.50841893647846,-49.50841893647846,1.0
202000,0.3418301,-27.13379,49.36842105263158,-43.187998104095456,-43.187998104095456,1.0
203000,0.327698,-27.74107,50.8,-46.56894633644506,-46.56894633644506,1.0
204000,0.3561826,-27.619167,44.13636363636363,-37.697271368720315,-37.697271368720315,1.0
205000,0.32533577,-26.928291,49.45,-44.15049757957458,-44.15049757957458,1.0
206000,0.3050945,-26.983892,51.526315789473685,-46.546312733700404,-46.546312733700404,1.0
207000,0.34664392,-27.389002,62.125,-56.79624855518341,-56.79624855518341,1.0
208000,0.3240236,-27.464397,51.375,-45.722937920514276,-45.722937920514276,1.0
209000,0.32506755,-27.527071,61.470588235294116,-57.30529010997099,-57.30529010997099,1.0
210000,0.3045088,-27.575695,66.625,-63.80133180618286,-63.80133180618286,1.0
211000,0.356586,-27.595003,52.53846153846154,-47.30142896515982,-47.30142896515982,1.0
212000,0.35557058,-26.584764,91.42857142857143,-85.87923053594736,-85.87923053594736,1.0
213000,0.3659862,-27.437437,77.84615384615384,-81.46922885454617,-81.46922885454617,1.0
214000,0.35252815,-27.432188,55.94117647058823,-50.772221088409424,-50.772221088409424,1.0
215000,0.38088655,-28.531895,112.125,-112.98124897480011,-112.98124897480011,1.0
216000,0.28468964,-27.46795,47.18181818181818,-41.453635627573185,-41.453635627573185,1.0
217000,0.2779081,-28.271208,133.375,-97.84142753056118,-97.84142753056118,1.0
218000,0.3167219,-27.244818,48.6,-61.40199880599975,-61.40199880599975,1.0
219000,0.2933204,-27.019009,53.5,-49.43499607510037,-49.43499607510037,1.0
220000,0.32651928,-28.42273,57.64705882352941,-51.011763123904956,-51.011763123904956,1.0
221000,0.2998257,-28.219542,54.55555555555556,-45.17166413201226,-45.17166413201226,1.0
222000,0.2932341,-28.121681,63.375,-65.02749788761139,-65.02749788761139,1.0
223000,0.28418684,-27.6131,62.46666666666667,-56.69375002384186,-56.69375002384186,1.0
224000,0.3147863,-28.28747,59.0,-55.431875109672546,-55.431875109672546,1.0
225000,0.3106746,-27.95652,45.5,-40.261816306547686,-40.261816306547686,1.0
226000,0.3075268,-27.547232,52.333333333333336,-46.161049591867545,-46.161049591867545,1.0
227000,0.27445546,-27.92754,53.473684210526315,-45.40833388434516,-45.40833388434516,1.0
228000,0.28953588,-27.971352,38.69565217391305,-35.59166520833969,-35.59166520833969,1.0
229000,0.28067553,-26.938686,46.26086956521739,-41.56999811259183,-41.56999811259183,1.0
230000,0.28307372,-27.16653,52.05263157894737,-45.905263097662676,-45.905263097662676,1.0
231000,0.29479417,-27.634415,57.6875,-51.29411585190717,-51.29411585190717,1.0
232000,0.26849395,-27.961784,50.578947368421055,-45.497892781307826,-45.497892781307826,1.0
233000,0.29246962,-27.422668,49.23809523809524,-42.22449836730957,-42.22449836730957,1.0
234000,0.28261194,-27.302628,61.8125,-55.495624393224716,-55.495624393224716,1.0
235000,0.30316955,-27.142595,53.73684210526316,-51.68841748488577,-51.68841748488577,1.0
236000,0.23569866,-26.449133,44.38095238095238,-38.08333126703898,-38.08333126703898,1.0
237000,0.27009597,-27.063166,55.666666666666664,-50.51221741570367,-50.51221741570367,1.0
238000,0.27783394,-27.203138,57.25,-52.611762551700366,-52.611762551700366,1.0
239000,0.26432595,-26.493982,51.9,-46.53368520736694,-46.53368520736694,1.0
240000,0.27788222,-27.070202,74.53846153846153,-68.90428355761937,-68.90428355761937,1.0
241000,0.25355592,-26.936964,66.5,-62.25285605021885,-62.25285605021885,1.0
242000,0.2667375,-27.247658,75.64285714285714,-73.55538243513841,-73.55538243513841,1.0
243000,0.23434192,-27.878998,60.6875,-57.82062277197838,-57.82062277197838,1.0
244000,0.26816073,-27.156057,50.8421052631579,-45.02299783229828,-45.02299783229828,1.0
245000,0.28431472,-27.24877,46.31818181818182,-41.20190377462478,-41.20190377462478,1.0
246000,0.26352093,-28.275824,63.0,-53.15941086937399,-53.15941086937399,1.0
247000,0.23924954,-26.787157,50.26315789473684,-43.1215759578504,-43.1215759578504,1.0
248000,0.2402316,-26.858858,43.77272727272727,-40.3068171414462,-40.3068171414462,1.0
249000,0.21906525,-27.579279,55.35294117647059,-49.7294414308336,-49.7294414308336,1.0
250000,0.25004363,-26.084808,60.294117647058826,-57.04312175512314,-57.04312175512314,1.0
251000,0.23845333,-27.063421,55.27777777777778,-50.836108419630264,-50.836108419630264,1.0
252000,0.25062302,-27.9003,61.9375,-53.774999499320984,-53.774999499320984,1.0
253000,0.24182777,-28.320646,61.5,-56.89937373995781,-56.89937373995781,1.0
254000,0.22269386,-27.377337,62.125,-61.10749864578247,-61.10749864578247,1.0
255000,0.2242125,-27.26815,53.611111111111114,-47.743329180611504,-47.743329180611504,1.0
256000,0.2613991,-27.591053,59.857142857142854,-53.92399845123291,-53.92399845123291,1.0
257000,0.24861601,-27.001368,66.1875,-62.236248046159744,-62.236248046159744,1.0
258000,0.26765054,-27.579687,64.125,-59.96749782562256,-59.96749782562256,1.0
259000,0.24296175,-27.938976,56.6875,-51.99312546849251,-51.99312546849251,1.0
260000,0.24764544,-28.109308,59.888888888888886,-48.678233707652375,-48.678233707652375,1.0
261000,0.23596893,-27.280859,62.6,-64.88062262535095,-64.88062262535095,1.0
262000,0.22660242,-27.61252,55.111111111111114,-50.18777537345886,-50.18777537345886,1.0
263000,0.25283492,-28.253435,56.27777777777778,-52.93940830230713,-52.93940830230713,1.0
264000,0.26308057,-27.07673,42.27777777777778,-35.80999735782021,-35.80999735782021,1.0
265000,0.2543044,-26.961615,67.88888888888889,-64.66235113143921,-64.66235113143921,1.0
266000,0.23491813,-27.122427,44.45454545454545,-35.80954243920066,-35.80954243920066,1.0
267000,0.2527504,-27.459198,58.411764705882355,-56.96058615516214,-56.96058615516214,1.0
268000,0.23715392,-27.317797,62.785714285714285,-57.99133278528849,-57.99133278528849,1.0
269000,0.22927226,-26.880291,57.26315789473684,-52.71333069271512,-52.71333069271512,1.0
270000,0.19906302,-27.04475,48.411764705882355,-43.322219133377075,-43.322219133377075,1.0
271000,0.21736705,-28.51164,68.0625,-64.54625034332275,-64.54625034332275,1.0
272000,0.2615664,-27.975649,68.35714285714286,-64.5628559929984,-64.5628559929984,1.0
273000,0.19974184,-27.136047,47.89473684210526,-42.69894582346866,-42.69894582346866,1.0
274000,0.22547837,-26.69504,54.9,-49.50099766254425,-49.50099766254425,1.0
275000,0.24817693,-28.600643,67.07142857142857,-63.77785478319441,-63.77785478319441,1.0
276000,0.2024354,-27.706427,69.46666666666667,-52.24499709265573,-52.24499709265573,1.0
277000,0.1985526,-28.325222,72.23076923076923,-82.21642712184361,-82.21642712184361,1.0
278000,0.1993774,-26.679094,37.4,-30.803199520111082,-30.803199520111082,1.0
279000,0.2055296,-28.4543,128.375,-130.29624903202057,-130.29624903202057,1.0
280000,0.20505604,-28.011496,51.10526315789474,-45.721052144703116,-45.721052144703116,1.0
281000,0.26262885,-27.997372,47.0,-41.55099799633026,-41.55099799633026,1.0
282000,0.20426197,-28.124147,84.61538461538461,-87.56416654586792,-87.56416654586792,1.0
283000,0.21693501,-27.634317,46.0,-38.57666553769793,-38.57666553769793,1.0
284000,0.24269748,-27.545612,58.125,-53.73999864914838,-53.73999864914838,1.0
285000,0.24973628,-27.641401,69.26666666666667,-67.77499975476947,-67.77499975476947,1.0
286000,0.22740825,-27.825048,52.421052631578945,-46.2605236204047,-46.2605236204047,1.0
287000,0.23044525,-27.883669,56.388888888888886,-52.29055412610372,-52.29055412610372,1.0
288000,0.22490509,-28.02468,51.333333333333336,-46.076315001437536,-46.076315001437536,1.0
289000,0.21952768,-28.670559,172.33333333333334,-202.30199718475342,-202.30199718475342,1.0
290000,0.24797687,-27.815447,46.285714285714285,-40.71142773401169,-40.71142773401169,1.0
291000,0.23408894,-28.700123,80.36363636363636,-76.12416521708171,-76.12416521708171,1.0
292000,0.2323403,-28.050142,55.94444444444444,-50.98444207509359,-50.98444207509359,1.0
293000,0.23931776,-28.7793,54.0,-48.63368315445749,-48.63368315445749,1.0
294000,0.2323716,-27.759172,52.72222222222222,-48.06444289949205,-48.06444289949205,1.0
295000,0.21781363,-27.593761,40.666666666666664,-34.062915007273354,-34.062915007273354,1.0
296000,0.23803817,-28.52387,50.55555555555556,-45.07315527765375,-45.07315527765375,1.0
297000,0.22245172,-27.522755,45.26086956521739,-37.70272528041493,-37.70272528041493,1.0
298000,0.2248406,-27.602684,50.10526315789474,-46.368998527526855,-46.368998527526855,1.0
299000,0.19919348,-26.800844,41.916666666666664,-35.22739024784254,-35.22739024784254,1.0
300000,0.2037147,-27.658392,57.529411764705884,-54.568821514354035,-54.568821514354035,1.0
301000,0.20879349,-26.659294,45.85,-39.39475849696568,-39.39475849696568,1.0
302000,0.19918425,-27.603975,49.142857142857146,-43.58285663241432,-43.58285663241432,1.0
303000,0.20556095,-27.831339,46.76190476190476,-41.14809497197469,-41.14809497197469,1.0
304000,0.1881594,-27.746847,46.2,-40.52449822425842,-40.52449822425842,1.0
305000,0.17954789,-27.827015,52.05,-48.1094714967828,-48.1094714967828,1.0
306000,0.21099289,-27.157534,48.45,-42.150949886866975,-42.150949886866975,1.0
307000,0.22910966,-28.009623,60.76470588235294,-43.40874865651131,-43.40874865651131,1.0
308000,0.20575343,-27.378632,41.64705882352941,-47.97444335619608,-47.97444335619608,1.0
309000,0.20315795,-28.87177,155.25,-177.41714368547713,-177.41714368547713,1.0
310000,0.21386966,-27.744324,71.35714285714286,-67.88071407590594,-67.88071407590594,1.0
311000,0.18411297,-27.52368,43.18181818181818,-36.986816514622085,-36.986816514622085,1.0
312000,0.18831483,-29.179026,92.6,-87.60817735845393,-87.60817735845393,1.0
313000,0.15659963,-28.341103,90.16666666666667,-91.74727054075761,-91.74727054075761,1.0
314000,0.18392652,-27.894506,59.5,-54.97823389838724,-54.97823389838724,1.0
315000,0.17954092,-29.250326,72.35714285714286,-69.35384361560529,-69.35384361560529,1.0
316000,0.18173863,-27.333744,45.04545454545455,-39.62999853220853,-39.62999853220853,1.0
317000,0.18439448,-27.322725,43.09090909090909,-37.17227138172496,-37.17227138172496,1.0
318000,0.1965505,-27.913664,58.05882352941177,-50.77705675012925,-50.77705675012925,1.0
319000,0.19188714,-27.858002,64.93333333333334,-54.5033304532369,-54.5033304532369,1.0
320000,0.16422427,-27.471048,43.56521739130435,-43.99130246950232,-43.99130246950232,1.0
321000,0.164271,-30.469551,95.8,-85.24000247319539,-85.24000247319539,1.0
322000,0.18794098,-27.101068,78.47368421052632,-77.85110754436917,-77.85110754436917,1.0
323000,0.23098582,-28.238728,69.42857142857143,-66.5507140159607,-66.5507140159607,1.0
324000,0.21518423,-28.25992,47.76190476190476,-42.401427223568874,-42.401427223568874,1.0
325000,0.19876209,-27.407705,45.57142857142857,-40.786663782028924,-40.786663782028924,1.0
326000,0.1929657,-28.45266,63.46666666666667,-56.740620613098145,-56.740620613098145,1.0
327000,0.18435398,-27.313875,53.89473684210526,-49.42722090085348,-49.42722090085348,1.0
328000,0.23014536,-27.21148,61.9375,-59.28249791264534,-59.28249791264534,1.0
329000,0.20411666,-27.142878,42.17391304347826,-36.66217298093049,-36.66217298093049,1.0
330000,0.219116,-27.787664,66.8,-60.21333052317301,-60.21333052317301,1.0
331000,0.20000559,-28.210459,58.411764705882355,-54.459998186896826,-54.459998186896826,1.0
332000,0.21450837,-27.8966,76.91666666666667,-71.81922956613394,-71.81922956613394,1.0
333000,0.19604358,-27.650126,60.875,-56.89374977350235,-56.89374977350235,1.0
334000,0.20608889,-27.21886,44.22727272727273,-38.547270666469224,-38.547270666469224,1.0
335000,0.2022626,-28.57038,71.91666666666667,-68.58416414260864,-68.58416414260864,1.0
336000,0.19503316,-27.940363,65.3529411764706,-61.20235227136051,-61.20235227136051,1.0
337000,0.23358735,-27.452429,54.421052631578945,-49.900553968217636,-49.900553968217636,1.0
338000,0.17789036,-27.688833,46.476190476190474,-41.7233308610462,-41.7233308610462,1.0
339000,0.17931293,-28.192337,52.0,-41.40789370787771,-41.40789370787771,1.0
340000,0.17032515,-28.11352,42.391304347826086,-39.76260703542958,-39.76260703542958,1.0
341000,0.1828049,-27.741318,52.94117647058823,-47.79110995928446,-47.79110995928446,1.0
342000,0.17469288,-28.480785,49.714285714285715,-46.80599889755249,-46.80599889755249,1.0
343000,0.17912316,-27.065727,51.36842105263158,-45.1105244285182,-45.1105244285182,1.0
344000,0.19091897,-28.42233,57.8235294117647,-52.98941006379969,-52.98941006379969,1.0
345000,0.18174313,-26.492495,52.68421052631579,-46.35736450396086,-46.35736450396086,1.0
346000,0.17853543,-26.55528,56.22222222222222,-50.932777325312294,-50.932777325312294,1.0
347000,0.20214362,-28.210924,65.66666666666667,-62.13399887084961,-62.13399887084961,1.0
348000,0.20545603,-28.021505,46.9,-35.39999878406525,-35.39999878406525,1.0
349000,0.17546849,-28.149652,48.85,-49.37149529457092,-49.37149529457092,1.0
350000,0.16200742,-27.381086,43.19047619047619,-37.94999785856767,-37.94999785856767,1.0
351000,0.19616964,-27.44951,41.5,-35.45919897079468,-35.45919897079468,1.0
352000,0.22604205,-27.974903,55.588235294117645,-38.44176225101246,-38.44176225101246,1.0
353000,0.17424561,-26.891026,37.074074074074076,-38.14184990635625,-38.14184990635625,1.0
354000,0.1923186,-26.503685,41.0,-34.485906384207986,-34.485906384207986,1.0
355000,0.1869516,-27.136436,50.59090909090909,-44.87285559517996,-44.87285559517996,1.0
356000,0.19162539,-26.877728,52.8235294117647,-47.77277644475301,-47.77277644475301,1.0
357000,0.17853633,-27.085281,58.6875,-54.020624339580536,-54.020624339580536,1.0
358000,0.17225085,-27.243328,48.90909090909091,-45.51237951006208,-45.51237951006208,1.0
359000,0.16529077,-27.591757,51.89473684210526,-46.39420815518028,-46.39420815518028,1.0
360000,0.18531471,-26.144377,43.61904761904762,-36.62681648947976,-36.62681648947976,1.0
361000,0.21478581,-26.586964,43.73684210526316,-37.8278929559808,-37.8278929559808,1.0
362000,0.17646931,-27.53991,56.142857142857146,-47.19400017261505,-47.19400017261505,1.0
363000,0.17982909,-27.828524,66.33333333333333,-67.90599673589071,-67.90599673589071,1.0
364000,0.18728757,-28.264215,39.125,-34.1864694146549,-34.1864694146549,1.0
365000,0.18849988,-28.646894,167.5,-191.07142918450492,-191.07142918450492,1.0
366000,0.19766244,-27.044048,63.375,-60.90812313556671,-60.90812313556671,1.0
367000,0.19683509,-27.077269,48.15,-41.65749611854553,-41.65749611854553,1.0
368000,0.18518977,-27.412735,68.42857142857143,-63.22333208719889,-63.22333208719889,1.0
369000,0.19652371,-27.129599,51.94444444444444,-46.61722042825487,-46.61722042825487,1.0
370000,0.18141969,-26.257032,46.59090909090909,-41.12317960912531,-41.12317960912531,1.0
371000,0.16727798,-27.135958,66.86666666666666,-62.936423437935964,-62.936423437935964,1.0
372000,0.14510599,-27.244396,45.0,-39.69227118925615,-39.69227118925615,1.0
373000,0.1584121,-26.469805,50.8421052631579,-41.91631317138672,-41.91631317138672,1.0
374000,0.16366118,-28.93374,126.875,-137.7624968290329,-137.7624968290329,1.0
375000,0.15609609,-26.591057,50.578947368421055,-46.11210398924978,-46.11210398924978,1.0
376000,0.18083388,-27.030611,72.35714285714286,-68.09499955177307,-68.09499955177307,1.0
377000,0.1974997,-26.500393,54.0,-49.44777623812357,-49.44777623812357,1.0
378000,0.18848571,-25.8873,44.0,-34.95408730073409,-34.95408730073409,1.0
379000,0.15111168,-27.546417,48.6,-47.454499292373654,-47.454499292373654,1.0
380000,0.13342758,-26.280848,44.61904761904762,-38.587723601948134,-38.587723601948134,1.0
381000,0.18183942,-26.455639,51.10526315789474,-43.94999845404374,-43.94999845404374,1.0
382000,0.14155361,-25.691267,47.095238095238095,-40.59666595004854,-40.59666595004854,1.0
383000,0.14350682,-25.973812,42.18181818181818,-39.38260737709377,-39.38260737709377,1.0
384000,0.17083369,-26.241205,49.476190476190474,-43.828997898101804,-43.828997898101804,1.0
385000,0.15624426,-26.806248,50.8421052631579,-47.169470159631025,-47.169470159631025,1.0
386000,0.18335381,-26.66931,45.25,-38.79095141092936,-38.79095141092936,1.0
387000,0.13997106,-26.696667,45.08695652173913,-40.83226982030001,-40.83226982030001,1.0
388000,0.1435396,-26.934435,54.72222222222222,-47.830553690592446,-47.830553690592446,1.0
389000,0.18093382,-26.466946,68.13333333333334,-59.64266414642334,-59.64266414642334,1.0
390000,0.15633477,-26.889696,64.53333333333333,-65.95733299255372,-65.95733299255372,1.0
391000,0.17270349,-26.398676,62.714285714285715,-57.48666534423828,-57.48666534423828,1.0
392000,0.17786333,-26.153454,59.44444444444444,-54.619997529422534,-54.619997529422534,1.0
393000,0.15378709,-26.07755,52.78947368421053,-47.77999812678287,-47.77999812678287,1.0
394000,0.1531037,-27.027447,54.27777777777778,-48.9588868882921,-48.9588868882921,1.0
395000,0.1723643,-26.77781,85.375,-79.27777502271864,-79.27777502271864,1.0
396000,0.14872746,-26.283636,60.523809523809526,-56.45849802494049,-56.45849802494049,1.0
397000,0.13238546,-25.86637,51.73684210526316,-46.99210320020977,-46.99210320020977,1.0
398000,0.1534023,-26.048462,54.27777777777778,-46.12166484196981,-46.12166484196981,1.0
399000,0.14190806,-26.719793,48.31578947368421,-45.005497789382936,-45.005497789382936,1.0
400000,0.15906918,-27.080017,52.8,-48.62894469813297,-48.62894469813297,1.0
401000,0.18478258,-25.910793,43.90909090909091,-38.89545139399442,-38.89545139399442,1.0
402000,0.13994539,-25.641674,44.63636363636363,-38.098635803569444,-38.098635803569444,1.0
403000,0.1746989,-26.518417,47.476190476190474,-40.45999595097133,-40.45999595097133,1.0
404000,0.1648981,-26.04325,60.0,-55.3687469959259,-55.3687469959259,1.0
405000,0.18639444,-26.167955,54.78947368421053,-45.976663457022774,-45.976663457022774,1.0
406000,0.15508099,-26.354692,44.0,-41.75590892271562,-41.75590892271562,1.0
407000,0.1869751,-26.446411,64.625,-62.19199851353963,-62.19199851353963,1.0
408000,0.18006833,-26.344395,45.76190476190476,-40.06363487243652,-40.06363487243652,1.0
409000,0.15912323,-26.319,46.81818181818182,-41.568568638392854,-41.568568638392854,1.0
410000,0.14582884,-26.012737,42.54545454545455,-36.461301679196566,-36.461301679196566,1.0
411000,0.16525379,-26.191626,55.94117647058823,-51.130585838766656,-51.130585838766656,1.0
412000,0.17415671,-26.175295,56.888888888888886,-55.50176098767449,-55.50176098767449,1.0
413000,0.1703042,-26.664911,53.55555555555556,-46.191051181993984,-46.191051181993984,1.0
414000,0.18752232,-27.057236,61.88235294117647,-57.87937355041504,-57.87937355041504,1.0
415000,0.15077399,-27.55588,70.3076923076923,-66.55356999805996,-66.55356999805996,1.0
416000,0.14536142,-27.357506,109.22222222222223,-108.84999656677246,-108.84999656677246,1.0
417000,0.15792432,-26.350538,53.73684210526316,-47.06333065032959,-47.06333065032959,1.0
418000,0.17247613,-26.620155,46.04761904761905,-44.35618931906564,-44.35618931906564,1.0
419000,0.16144586,-26.414822,62.25,-51.29562470316887,-51.29562470316887,1.0
420000,0.1568557,-25.689882,43.80952380952381,-40.84045106714422,-40.84045106714422,1.0
421000,0.15664783,-26.425215,46.34782608695652,-40.46863473545421,-40.46863473545421,1.0
422000,0.16897924,-27.438955,77.16666666666667,-72.39153561225304,-72.39153561225304,1.0
423000,0.12731422,-27.067389,55.77777777777778,-51.19235075221342,-51.19235075221342,1.0
424000,0.1565492,-26.718058,51.89473684210526,-45.721577644348145,-45.721577644348145,1.0
425000,0.17532769,-26.341116,46.75,-41.98333018166678,-41.98333018166678,1.0
426000,0.1757843,-26.436728,71.73333333333333,-69.09071336473737,-69.09071336473737,1.0
427000,0.1865138,-26.265583,62.13333333333333,-60.518661689758304,-60.518661689758304,1.0
428000,0.18677786,-27.015543,56.35294117647059,-50.0455519358317,-50.0455519358317,1.0
429000,0.16462076,-27.336292,50.35,-47.295786807411595,-47.295786807411595,1.0
430000,0.16836211,-26.453447,38.52,-31.360769015092117,-31.360769015092117,1.0
431000,0.16263834,-26.75704,53.46666666666667,-48.717331123352054,-48.717331123352054,1.0
432000,0.15915464,-26.13832,50.73913043478261,-46.26045406948436,-46.26045406948436,1.0
433000,0.1589642,-26.58907,54.294117647058826,-48.44444364971585,-48.44444364971585,1.0
434000,0.14996453,-26.53704,38.791666666666664,-32.41374921798706,-32.41374921798706,1.0
435000,0.18600258,-27.366894,105.0,-105.4329984664917,-105.4329984664917,1.0
436000,0.13738304,-26.881607,56.705882352941174,-52.237647393170526,-52.237647393170526,1.0
437000,0.18339233,-26.352112,49.095238095238095,-43.5847593943278,-43.5847593943278,1.0
438000,0.15888114,-26.73484,48.142857142857146,-42.47799873352051,-42.47799873352051,1.0
439000,0.16985002,-26.612778,72.78571428571429,-69.44214119229999,-69.44214119229999,1.0
440000,0.15576056,-26.502058,50.1578947368421,-45.114207920275234,-45.114207920275234,1.0
441000,0.15885215,-26.479673,34.96153846153846,-29.069998564543546,-29.069998564543546,1.0
442000,0.18635692,-26.171305,44.43478260869565,-36.087726007808335,-36.087726007808335,1.0
443000,0.15294454,-25.77777,52.4375,-49.76705573586857,-49.76705573586857,1.0
444000,0.15495883,-26.638603,90.25,-88.72500133514404,-88.72500133514404,1.0
445000,0.13756308,-26.50142,57.8235294117647,-53.208820679608515,-53.208820679608515,1.0
446000,0.15583923,-26.457878,51.25,-48.47315710469296,-48.47315710469296,1.0
447000,0.14674929,-26.548866,45.42857142857143,-37.86318070238287,-37.86318070238287,1.0
448000,0.16447778,-26.180727,63.666666666666664,-59.52266572316488,-59.52266572316488,1.0
449000,0.16290925,-25.913176,49.61904761904762,-45.34649803638458,-45.34649803638458,1.0
450000,0.11948705,-25.696917,44.54545454545455,-38.85817998105829,-38.85817998105829,1.0
451000,0.14242265,-26.360628,53.89473684210526,-47.23789461035477,-47.23789461035477,1.0
452000,0.14750727,-25.608915,44.35,-38.89666307540167,-38.89666307540167,1.0
453000,0.15688887,-27.086777,47.18181818181818,-41.707270275462754,-41.707270275462754,1.0
454000,0.1296774,-26.805143,109.35714285714286,-114.35538578033447,-114.35538578033447,1.0
455000,0.124938145,-25.527885,40.333333333333336,-35.166362198916346,-35.166362198916346,1.0
456000,0.16305007,-26.456348,79.53846153846153,-77.22461443680983,-77.22461443680983,1.0
457000,0.15143342,-26.579561,66.14285714285714,-62.41285473959787,-62.41285473959787,1.0
458000,0.13888231,-26.851385,64.625,-61.08624994754791,-61.08624994754791,1.0
459000,0.11990924,-25.93039,46.904761904761905,-41.25904419308617,-41.25904419308617,1.0
460000,0.16513167,-27.672926,47.93333333333333,-42.40933186213176,-42.40933186213176,1.0
461000,0.1744071,-29.082588,282.25,-300.5075056552887,-300.5075056552887,1.0
462000,0.16642366,-28.148056,127.55555555555556,-130.24777857462564,-130.24777857462564,1.0
463000,0.14782998,-25.466827,47.40909090909091,-41.2633296421596,-41.2633296421596,1.0
464000,0.14225698,-25.570787,47.5,-42.676997590065,-42.676997590065,1.0
465000,0.1329442,-26.263615,46.38095238095238,-40.66475984028408,-40.66475984028408,1.0
466000,0.124804325,-25.905836,45.333333333333336,-39.43954309550199,-39.43954309550199,1.0
467000,0.12868091,-26.676987,56.333333333333336,-48.687646108515125,-48.687646108515125,1.0
468000,0.15837915,-26.64967,66.35714285714286,-65.63399817148844,-65.63399817148844,1.0
469000,0.12667401,-26.418907,55.31578947368421,-52.10888722207811,-52.10888722207811,1.0
470000,0.13875486,-26.033731,51.63157894736842,-45.671576951679434,-45.671576951679434,1.0
471000,0.13962674,-25.59718,51.473684210526315,-45.38473437961779,-45.38473437961779,1.0
472000,0.1669413,-26.796814,63.86666666666667,-59.574371457099915,-59.574371457099915,1.0
473000,0.18444596,-26.458202,58.36363636363637,-53.67727331681685,-53.67727331681685,1.0
474000,0.14719146,-26.455538,67.6,-65.83789471576088,-65.83789471576088,1.0
475000,0.12561463,-25.591663,63.46666666666667,-56.581872165203094,-56.581872165203094,1.0
476000,0.17669216,-25.688993,44.90909090909091,-39.1277270750566,-39.1277270750566,1.0
477000,0.15581837,-26.289667,64.0625,-55.667331059773765,-55.667331059773765,1.0
478000,0.1307079,-26.223866,43.5,-40.79181586612355,-40.79181586612355,1.0
479000,0.14862816,-26.137684,46.857142857142854,-41.069046792529875,-41.069046792529875,1.0
480000,0.18531607,-28.04978,71.0,-67.24428473200116,-67.24428473200116,1.0
481000,0.11007018,-26.08756,63.5,-59.07312223315239,-59.07312223315239,1.0
482000,0.14949061,-27.269032,63.13333333333333,-59.067998282114665,-59.067998282114665,1.0
483000,0.12546293,-26.074879,62.588235294117645,-58.65624713897705,-58.65624713897705,1.0
484000,0.14719695,-27.071066,68.57142857142857,-65.74571207591465,-65.74571207591465,1.0
485000,0.15704001,-27.647833,60.1764705882353,-55.13352736304788,-55.13352736304788,1.0
486000,0.1989794,-27.689184,105.66666666666667,-98.77111064063178,-98.77111064063178,1.0
487000,0.15535232,-26.68104,52.388888888888886,-50.427892885710065,-50.427892885710065,1.0
488000,0.13552403,-25.92886,52.166666666666664,-46.93888703982035,-46.93888703982035,1.0
489000,0.13186845,-26.731874,68.0625,-65.8839984258016,-65.8839984258016,1.0
490000,0.14176477,-26.193476,64.13333333333334,-60.645996220906575,-60.645996220906575,1.0
491000,0.115493014,-26.326294,58.0,-52.68882055843578,-52.68882055843578,1.0
492000,0.13999853,-26.783344,57.23529411764706,-51.78110848532783,-51.78110848532783,1.0
493000,0.13479848,-26.450735,43.40909090909091,-37.501361326737836,-37.501361326737836,1.0
494000,0.16762601,-27.327484,53.411764705882355,-48.54294050441069,-48.54294050441069,1.0
495000,0.15803179,-26.183872,42.26923076923077,-36.04479751586914,-36.04479751586914,1.0
496000,0.15820879,-27.258102,53.611111111111114,-42.64277431699965,-42.64277431699965,1.0
497000,0.13593636,-26.085155,45.59090909090909,-42.59545194018971,-42.59545194018971,1.0
498000,0.13691004,-26.920292,69.5,-69.56999615260533,-69.56999615260533,1.0
499000,0.14680196,-26.762062,44.13636363636363,-38.069544705477625,-38.069544705477625,1.0
500000,0.11455958,-26.28544,39.708333333333336,-33.92559663772583,-33.92559663772583,1.0
501000,0.12435137,-25.43037,37.07692307692308,-30.47307616013747,-30.47307616013747,1.0
502000,0.12384162,-26.289795,59.94117647058823,-57.53562352061272,-57.53562352061272,1.0
503000,0.17361765,-28.571152,76.33333333333333,-64.7714262008667,-64.7714262008667,1.0
504000,0.14281835,-26.459133,42.72,-36.59041533867518,-36.59041533867518,1.0
505000,0.13923751,-26.962172,43.63636363636363,-38.78772657567804,-38.78772657567804,1.0
506000,0.14436233,-25.992575,43.34782608695652,-35.48956244924794,-35.48956244924794,1.0
507000,0.15099919,-26.540577,47.25,-44.404497957229616,-44.404497957229616,1.0
508000,0.14655037,-26.120062,53.333333333333336,-45.94631400861238,-45.94631400861238,1.0
509000,0.12587853,-26.507895,63.6875,-61.32999951044719,-61.32999951044719,1.0
510000,0.15336446,-25.991161,55.5,-50.31444189283583,-50.31444189283583,1.0
511000,0.123444386,-26.059748,56.8235294117647,-49.24587872449089,-49.24587872449089,1.0
512000,0.13393764,-26.716993,44.08695652173913,-40.134781816731326,-40.134781816731326,1.0
513000,0.13756657,-26.200693,67.42857142857143,-63.90571165084839,-63.90571165084839,1.0
514000,0.15886211,-27.460949,67.13333333333334,-63.71999556223552,-63.71999556223552,1.0
515000,0.1035918,-25.62533,49.31578947368421,-44.13549613952637,-44.13549613952637,1.0
516000,0.14203636,-26.70604,68.6,-61.40571124213083,-61.40571124213083,1.0
517000,0.12949882,-26.147875,45.666666666666664,-43.877142066047305,-43.877142066047305,1.0
518000,0.14845292,-26.003847,43.4,-37.343332949138826,-37.343332949138826,1.0
519000,0.13830386,-26.425663,49.80952380952381,-44.62571273531233,-44.62571273531233,1.0
520000,0.11879117,-26.130722,45.81818181818182,-39.82090763612227,-39.82090763612227,1.0
521000,0.13866395,-26.871195,49.0,-43.351499462127684,-43.351499462127684,1.0
522000,0.12081138,-26.027344,52.333333333333336,-46.80777549743652,-46.80777549743652,1.0
523000,0.1047065,-25.663649,45.81818181818182,-39.99136116287925,-39.99136116287925,1.0
524000,0.14141934,-26.534391,57.625,-53.13352548374849,-53.13352548374849,1.0
525000,0.13825181,-26.69224,46.81818181818182,-40.8580953961327,-40.8580953961327,1.0
526000,0.116138466,-25.670181,48.888888888888886,-44.140524312069545,-44.140524312069545,1.0
527000,0.14388572,-26.941477,72.84615384615384,-69.6184592613807,-69.6184592613807,1.0
528000,0.141483,-27.80993,65.76470588235294,-49.79187339544296,-49.79187339544296,1.0
529000,0.12394388,-26.167692,44.31818181818182,-47.86636187813499,-47.86636187813499,1.0
530000,0.122119814,-26.519547,53.1764705882353,-48.696108394198944,-48.696108394198944,1.0
531000,0.10783387,-25.706846,45.90909090909091,-40.244087652726606,-40.244087652726606,1.0
532000,0.1154735,-25.757402,48.76190476190476,-44.46649758815765,-44.46649758815765,1.0
533000,0.16079162,-25.980104,54.833333333333336,-49.499997774759926,-49.499997774759926,1.0
534000,0.12578988,-26.733355,43.0,-37.039999091106914,-37.039999091106914,1.0
535000,0.1084025,-24.84371,49.75,-43.18999562263489,-43.18999562263489,1.0
536000,0.12941729,-26.25353,44.35,-39.34047465097336,-39.34047465097336,1.0
537000,0.13774315,-26.174803,56.111111111111114,-51.503331131405304,-51.503331131405304,1.0
538000,0.11217489,-25.593752,52.421052631578945,-47.448419068989004,-47.448419068989004,1.0
539000,0.121293604,-25.920109,47.09090909090909,-41.406189146496004,-41.406189146496004,1.0
540000,0.08503561,-25.713682,55.470588235294116,-50.33470473569982,-50.33470473569982,1.0
541000,0.13759056,-25.486216,52.526315789473685,-47.28315714785927,-47.28315714785927,1.0
542000,0.110636584,-24.860527,51.529411764705884,-46.53499929110209,-46.53499929110209,1.0
543000,0.12488825,-25.68834,40.53846153846154,-35.19440032958985,-35.19440032958985,1.0
544000,0.14607093,-26.916407,85.0,-80.72166697184245,-80.72166697184245,1.0
545000,0.11874164,-25.849377,53.44444444444444,-49.86110909779867,-49.86110909779867,1.0
546000,0.11933654,-26.03863,54.588235294117645,-47.668331146240234,-47.668331146240234,1.0
547000,0.118675716,-24.929743,53.72222222222222,-49.25055278672112,-49.25055278672112,1.0
548000,0.13890631,-25.1719,45.5,-37.57863317836415,-37.57863317836415,1.0
549000,0.124219656,-25.840199,36.38461538461539,-31.62345998103802,-31.62345998103802,1.0
550000,0.13395469,-24.613407,39.125,-33.58079746246338,-33.58079746246338,1.0
551000,0.12798946,-25.542786,53.31578947368421,-50.67055532667372,-50.67055532667372,1.0
552000,0.11560746,-25.799131,50.5,-42.861999821662906,-42.861999821662906,1.0
553000,0.14899246,-27.064135,83.0,-63.596660455067955,-63.596660455067955,1.0
554000,0.18947816,-27.888224,87.0909090909091,-99.88999670202082,-99.88999670202082,1.0
555000,0.15114875,-26.96985,65.28571428571429,-62.96066630681356,-62.96066630681356,1.0
556000,0.15269123,-27.638332,89.0,-91.09818163785067,-91.09818163785067,1.0
557000,0.111165345,-25.38035,53.72222222222222,-49.063887172275116,-49.063887172275116,1.0
558000,0.13953811,-26.805185,41.833333333333336,-35.88749901453654,-35.88749901453654,1.0
559000,0.1335288,-26.275229,60.214285714285715,-55.321330293019614,-55.321330293019614,1.0
560000,0.15369181,-27.252651,75.66666666666667,-74.51071303231376,-74.51071303231376,1.0
561000,0.15376697,-26.15725,37.0,-30.982349956736844,-30.982349956736844,1.0
562000,0.14764272,-25.759197,61.68181818181818,-58.02523469924927,-58.02523469924927,1.0
563000,0.16297226,-27.406242,51.68421052631579,-45.62315627148277,-45.62315627148277,1.0
564000,0.14214982,-26.662779,51.578947368421055,-44.508418359254534,-44.508418359254534,1.0
565000,0.16614968,-26.79732,68.85714285714286,-70.89642596244812,-70.89642596244812,1.0
566000,0.15226525,-25.516453,42.69565217391305,-35.467390557994015,-35.467390557994015,1.0
567000,0.122509986,-25.399424,47.57142857142857,-42.0742830094837,-42.0742830094837,1.0
568000,0.13422643,-25.377392,43.56521739130435,-37.12695416160252,-37.12695416160252,1.0
569000,0.14225318,-26.665178,50.8235294117647,-46.20499610900879,-46.20499610900879,1.0
570000,0.1331633,-25.606047,55.526315789473685,-52.08166448275248,-52.08166448275248,1.0
571000,0.13387331,-26.299994,43.21052631578947,-37.01499762535095,-37.01499762535095,1.0
572000,0.14648378,-25.915983,72.0,-68.3613322575887,-68.3613322575887,1.0
573000,0.12942432,-25.624819,49.65,-44.01849942207336,-44.01849942207336,1.0
574000,0.117378324,-25.372301,65.21428571428571,-61.114998544965474,-61.114998544965474,1.0
575000,0.14257231,-25.245787,59.8421052631579,-56.80777801407708,-56.80777801407708,1.0
576000,0.12472481,-25.971739,44.7,-38.69618917646862,-38.69618917646862,1.0
577000,0.11833723,-26.363567,57.0,-52.295291535994586,-52.295291535994586,1.0
578000,0.12946773,-26.699596,50.04761904761905,-45.97049839496613,-45.97049839496613,1.0
579000,0.093171105,-25.207228,51.611111111111114,-45.52999857852333,-45.52999857852333,1.0
580000,0.112197526,-25.623495,43.166666666666664,-36.97912904490595,-36.97912904490595,1.0
581000,0.118327804,-25.79258,45.714285714285715,-40.013179063797,-40.013179063797,1.0
582000,0.11899392,-25.19381,54.26315789473684,-48.75110785166422,-48.75110785166422,1.0
583000,0.12297039,-26.18128,58.9375,-46.6256220638752,-46.6256220638752,1.0
584000,0.11834886,-26.244312,58.588235294117645,-63.2029380237355,-63.2029380237355,1.0
585000,0.105877146,-25.942862,42.04347826086956,-36.3943479579428,-36.3943479579428,1.0
586000,0.09531885,-25.26867,42.72727272727273,-35.85217160763948,-35.85217160763948,1.0
587000,0.14291933,-26.003302,82.3076923076923,-82.29833316802979,-82.29833316802979,1.0
588000,0.11359687,-25.441141,46.85,-42.717497730255126,-42.717497730255126,1.0
589000,0.09485683,-24.970732,55.388888888888886,-45.00610870785184,-45.00610870785184,1.0
590000,0.10587321,-25.81384,39.0,-36.920433666395105,-36.920433666395105,1.0
591000,0.105090044,-25.773884,64.70588235294117,-59.1924986243248,-59.1924986243248,1.0
592000,0.10663792,-25.824602,42.391304347826086,-37.8756507790607,-37.8756507790607,1.0
593000,0.08935933,-24.75781,45.25,-40.03857058570499,-40.03857058570499,1.0
594000,0.10194254,-26.04419,48.75,-43.196997499465944,-43.196997499465944,1.0
595000,0.10132058,-25.015966,52.0,-49.21999795813309,-49.21999795813309,1.0
596000,0.107499905,-25.146067,54.27777777777778,-46.89947253779361,-46.89947253779361,1.0
597000,0.12340606,-26.015575,50.578947368421055,-45.51210436068083,-45.51210436068083,1.0
598000,0.09195533,-25.253845,51.5,-46.65526294708252,-46.65526294708252,1.0
599000,0.1166534,-25.827944,45.80952380952381,-40.06238083612351,-40.06238083612351,1.0
600000,0.10710189,-26.046898,54.388888888888886,-48.9522189034356,-48.9522189034356,1.0
601000,0.082811706,-25.539757,44.22727272727273,-39.118634310635656,-39.118634310635656,1.0
602000,0.11286926,-25.791786,61.8125,-32.745000034570694,-32.745000034570694,1.0
603000,0.08248444,-24.326067,43.78260869565217,-54.053475234819494,-54.053475234819494,1.0
604000,0.11100454,-25.599697,57.625,-52.97470412534826,-52.97470412534826,1.0
605000,0.06498589,-23.14145,50.04761904761905,-44.158996891975406,-44.158996891975406,1.0
606000,0.10347646,-24.963385,42.5,-37.34047462826683,-37.34047462826683,1.0
607000,0.10517077,-23.969315,59.55555555555556,-57.13999818353092,-57.13999818353092,1.0
608000,0.10996135,-25.404953,45.18181818181818,-38.165907643058084,-38.165907643058084,1.0
609000,0.084382586,-24.624413,40.63636363636363,-34.489998133286186,-34.489998133286186,1.0
610000,0.114706255,-24.750559,46.31818181818182,-40.81227038123391,-40.81227038123391,1.0
611000,0.095784016,-24.632172,59.75,-54.88437184691429,-54.88437184691429,1.0
612000,0.073520996,-24.229885,44.0,-37.84260679327923,-37.84260679327923,1.0
613000,0.07823245,-24.80052,40.166666666666664,-33.837914963563286,-33.837914963563286,1.0
614000,0.08885952,-24.469242,44.714285714285715,-39.020452759482644,-39.020452759482644,1.0
615000,0.09243499,-25.458735,65.5625,-62.2746647198995,-62.2746647198995,1.0
616000,0.093362585,-24.272814,43.1,-37.5999984060015,-37.5999984060015,1.0
617000,0.08912215,-23.936436,50.333333333333336,-46.27349953651428,-46.27349953651428,1.0
618000,0.08844409,-24.858004,45.45454545454545,-38.45317948948253,-38.45317948948253,1.0
619000,0.08071423,-24.545008,55.0,-50.6333306895362,-50.6333306895362,1.0
620000,0.08786679,-24.901707,62.53333333333333,-57.26312443614006,-57.26312443614006,1.0
621000,0.096601814,-23.748175,53.27777777777778,-48.44666459825304,-48.44666459825304,1.0
622000,0.07537825,-25.041674,46.72727272727273,-42.39380654834566,-42.39380654834566,1.0
623000,0.10253476,-23.726068,69.71428571428571,-58.371427059173584,-58.371427059173584,1.0
624000,0.11621872,-24.32504,53.72222222222222,-51.4989440817582,-51.4989440817582,1.0
625000,0.082854554,-24.78801,57.44444444444444,-52.744113473331225,-52.744113473331225,1.0
626000,0.08971534,-24.985292,50.578947368421055,-46.40631374559904,-46.40631374559904,1.0
627000,0.109394155,-24.862656,66.92857142857143,-61.5973326365153,-61.5973326365153,1.0
628000,0.08645471,-24.816492,50.6,-41.862103060672155,-41.862103060672155,1.0
629000,0.09797052,-25.389845,56.666666666666664,-54.534442557228935,-54.534442557228935,1.0
630000,0.09230062,-25.075695,54.111111111111114,-49.57888629701402,-49.57888629701402,1.0
631000,0.073830694,-24.189478,57.1764705882353,-51.893526301664465,-51.893526301664465,1.0
632000,0.09211277,-25.45615,50.0,-44.65199694633484,-44.65199694633484,1.0
633000,0.06995939,-24.471474,50.166666666666664,-44.44157610441509,-44.44157610441509,1.0
634000,0.11058365,-25.706213,78.76923076923077,-77.36999893188477,-77.36999893188477,1.0
635000,0.10163707,-24.885757,52.578947368421055,-47.92473579707899,-47.92473579707899,1.0
636000,0.09678545,-24.866306,52.05555555555556,-47.68210411071777,-47.68210411071777,1.0
637000,0.08047579,-24.42539,47.166666666666664,-41.20666575431824,-41.20666575431824,1.0
638000,0.08905309,-24.753916,52.86363636363637,-47.6914264588129,-47.6914264588129,1.0
639000,0.06835414,-23.927671,41.08695652173913,-35.14749801158905,-35.14749801158905,1.0
640000,0.08793083,-24.330662,57.94117647058823,-53.42175954930923,-53.42175954930923,1.0
641000,0.11173333,-24.810917,62.5,-58.62799825668335,-58.62799825668335,1.0
642000,0.096787535,-26.484276,277.0,-361.2575044631958,-361.2575044631958,1.0
643000,0.1027656,-26.289846,124.0,-120.57499599456787,-120.57499599456787,1.0
644000,0.080976285,-24.231085,56.94117647058823,-54.34411598654354,-54.34411598654354,1.0
645000,0.09953428,-24.869823,65.33333333333333,-51.85066312154134,-51.85066312154134,1.0
646000,0.09862374,-25.098078,79.66666666666667,-86.2653834269597,-86.2653834269597,1.0
647000,0.07330911,-24.309675,62.5625,-58.36249905824661,-58.36249905824661,1.0
648000,0.084734835,-25.718008,67.0,-63.60199866294861,-63.60199866294861,1.0
649000,0.11681467,-27.695345,267.0,-348.9400062561035,-348.9400062561035,1.0
650000,0.06371048,-24.856352,40.791666666666664,-34.69458176692327,-34.69458176692327,1.0
651000,0.09670057,-26.772135,56.4,-46.85499811172485,-46.85499811172485,1.0
652000,0.090590455,-26.671381,189.88888888888889,-220.36499881744385,-220.36499881744385,1.0
653000,0.11307687,-27.448534,34.666666666666664,-30.062495470046997,-30.062495470046997,1.0
654000,0.097033545,-26.59579,156.5,-175.62818310477516,-175.62818310477516,1.0
655000,0.090054974,-25.043928,52.611111111111114,-46.2778935683401,-46.2778935683401,1.0
656000,0.11255579,-26.973404,74.625,-71.4862454533577,-71.4862454533577,1.0
657000,0.11117824,-26.76701,154.88888888888889,-161.4966672261556,-161.4966672261556,1.0
658000,0.09784267,-26.31696,52.55555555555556,-47.631110191345215,-47.631110191345215,1.0
659000,0.11135818,-28.062876,279.0,-299.41000759601593,-299.41000759601593,1.0
660000,0.08311387,-27.53099,205.42857142857142,-231.07833536465964,-231.07833536465964,1.0
661000,0.10154324,-26.243435,98.5,-107.05199861526489,-107.05199861526489,1.0
662000,0.08307736,-25.464573,45.42857142857143,-39.177619389125276,-39.177619389125276,1.0
663000,0.09378911,-25.875834,70.07142857142857,-65.89599793752035,-65.89599793752035,1.0
664000,0.09881404,-26.20702,49.357142857142854,-43.78928368432181,-43.78928368432181,1.0
665000,0.14322048,-28.918163,311.5,-334.71000599861145,-334.71000599861145,1.0
666000,0.06652191,-25.380428,42.875,-38.55347716290018,-38.55347716290018,1.0
667000,0.06592294,-25.902815,72.35714285714286,-65.01714059284755,-65.01714059284755,1.0
668000,0.11129543,-29.027956,229.0,-146.52999591827393,-146.52999591827393,1.0
669000,0.06823062,-26.221415,132.07692307692307,-136.0015380565937,-136.0015380565937,1.0
670000,0.11093353,-29.910421,509.0,-1099.450023651123,-1099.450023651123,1.0
671000,0.08527305,-26.002022,70.64285714285714,-66.71714203698295,-66.71714203698295,1.0
672000,0.08186788,-26.998768,73.38461538461539,-66.73571150643485,-66.73571150643485,1.0
673000,0.094019,-27.971933,83.16666666666667,-81.01666601498921,-81.01666601498921,1.0
674000,0.08926106,-25.79176,86.5,-84.529999345541,-84.529999345541,1.0
675000,0.10360794,-29.384369,267.75,-287.09500658512115,-287.09500658512115,1.0
676000,0.10597198,-28.555904,259.0,-364.7333418528239,-364.7333418528239,1.0
677000,0.07846758,-27.770964,69.0,-59.91666624281142,-59.91666624281142,1.0
678000,0.09953692,-27.837494,130.63636363636363,-142.80400280952455,-142.80400280952455,1.0
679000,0.08126361,-27.563625,100.2,-101.62699737548829,-101.62699737548829,1.0
680000,0.07378196,-25.609938,41.291666666666664,-34.83999810616175,-34.83999810616175,1.0
681000,0.07246499,-27.052866,53.166666666666664,-50.25944375991821,-50.25944375991821,1.0
682000,0.07080022,-26.230597,55.55555555555556,-49.23777808083428,-49.23777808083428,1.0
683000,0.06382389,-26.12121,63.13333333333333,-57.13562309741974,-57.13562309741974,1.0
684000,0.08776949,-26.658697,52.9375,-47.89499968290329,-47.89499968290329,1.0
685000,0.11776978,-31.015657,292.0,-405.6900056203206,-405.6900056203206,1.0
686000,0.08101382,-28.440685,101.0,-100.41900005340577,-100.41900005340577,1.0
687000,0.07090763,-27.165495,66.35714285714286,-61.58599932988485,-61.58599932988485,1.0
688000,0.08673068,-26.50714,65.33333333333333,-61.54000002543132,-61.54000002543132,1.0
689000,0.094965294,-27.785181,52.0,-46.96777701377869,-46.96777701377869,1.0
690000,0.06930558,-26.04589,60.833333333333336,-52.906470747555005,-52.906470747555005,1.0
691000,0.07831357,-26.229853,52.22222222222222,-52.79833181699117,-52.79833181699117,1.0
692000,0.09409443,-27.641058,42.18181818181818,-34.73249816894531,-34.73249816894531,1.0
693000,0.08777153,-28.184027,126.66666666666667,-138.34363555908203,-138.34363555908203,1.0
694000,0.07642292,-26.550533,57.46153846153846,-51.74356957844326,-51.74356957844326,1.0
695000,0.07980959,-26.447035,61.63157894736842,-57.663158090491045,-57.663158090491045,1.0
696000,0.081895664,-25.12384,62.2,-58.173998260498045,-58.173998260498045,1.0
697000,0.077719405,-26.124025,78.07142857142857,-77.15999845358041,-77.15999845358041,1.0
698000,0.0917605,-29.6061,59.833333333333336,-55.537139892578125,-55.537139892578125,1.0
699000,0.08120209,-29.588953,200.875,-238.51285934448242,-238.51285934448242,1.0
700000,0.08015503,-26.958895,88.54545454545455,-81.3491660753886,-81.3491660753886,1.0
701000,0.08483227,-27.583523,65.25,-61.747496684392296,-61.747496684392296,1.0
702000,0.101427756,-27.595392,79.8,-77.70899848937988,-77.70899848937988,1.0
703000,0.095358156,-29.685265,177.57142857142858,-186.33000128609794,-186.33000128609794,1.0
704000,0.10057918,-31.28199,547.5,-595.9150114059448,-595.9150114059448,1.0
705000,0.07106728,-27.104969,65.875,-59.59999974568685,-59.59999974568685,1.0
706000,0.07558128,-26.213108,47.476190476190474,-44.619998613993324,-44.619998613993324,1.0
707000,0.1119817,-28.354673,46.90909090909091,-41.342497984568276,-41.342497984568276,1.0
708000,0.08785502,-29.754177,240.66666666666666,-277.9740023612976,-277.9740023612976,1.0
709000,0.06290454,-26.84011,50.0,-47.565998792648315,-47.565998792648315,1.0
710000,0.102596894,-30.95039,228.5,-211.3840015411377,-211.3840015411377,1.0
711000,0.062470507,-27.787216,70.8,-63.967141900743755,-63.967141900743755,1.0
712000,0.07765648,-26.01144,47.95238095238095,-45.30856954483759,-45.30856954483759,1.0
713000,0.07303934,-27.530184,51.0,-46.49823200001436,-46.49823200001436,1.0
714000,0.107167386,-31.6735,225.0,-288.4925048351288,-288.4925048351288,1.0
715000,0.06249389,-26.583838,49.526315789473685,-44.034496784210205,-44.034496784210205,1.0
716000,0.07060783,-26.789837,65.25,-58.892666308085126,-58.892666308085126,1.0
717000,0.08321413,-27.685349,64.53333333333333,-66.18866516749064,-66.18866516749064,1.0
718000,0.10797973,-30.346558,60.0,-48.44666465123495,-48.44666465123495,1.0
719000,0.09398129,-27.0511,120.21428571428571,-129.65769206560574,-129.65769206560574,1.0
720000,0.0595134,-26.962181,48.15,-41.67571215402512,-41.67571215402512,1.0
721000,0.051006965,-25.982086,58.1875,-53.82312232255936,-53.82312232255936,1.0
722000,0.060198616,-27.635742,52.421052631578945,-47.49947108720478,-47.49947108720478,1.0
723000,0.11417934,-33.139446,526.5,-1099.3400230407715,-1099.3400230407715,1.0
724000,0.09295681,-28.616585,55.25,-50.318460317758415,-50.318460317758415,1.0
725000,0.11036875,-31.914768,275.25,-295.3175027370453,-295.3175027370453,1.0
726000,0.09651673,-31.57864,176.14285714285714,-206.94166914621988,-206.94166914621988,1.0
727000,0.10502655,-31.533905,37.75,-36.14400157928467,-36.14400157928467,1.0
728000,0.06892178,-26.287918,92.42105263157895,-91.5563147695441,-91.5563147695441,1.0
729000,0.07606541,-26.537418,44.22727272727273,-38.28954423557628,-38.28954423557628,1.0
730000,0.08134526,-29.435698,89.41666666666667,-41.628178943287246,-41.628178943287246,1.0
731000,0.041095935,-26.863493,50.578947368421055,-74.79157508047004,-74.79157508047004,1.0
732000,0.081612475,-28.810642,47.5,-41.719087774103336,-41.719087774103336,1.0
733000,0.102434374,-31.272745,203.16666666666666,-214.50333563486734,-214.50333563486734,1.0
734000,0.10130719,-31.358913,182.28571428571428,-205.0933369000753,-205.0933369000753,1.0
735000,0.0639504,-27.887957,77.36363636363636,-77.08666622638702,-77.08666622638702,1.0
736000,0.0492067,-27.993782,61.8235294117647,-57.8623504077687,-57.8623504077687,1.0
737000,0.05842776,-27.626316,61.76470588235294,-58.127497494220734,-58.127497494220734,1.0
738000,0.07081604,-27.135202,48.44444444444444,-43.24105046924792,-43.24105046924792,1.0
739000,0.056347314,-27.88027,65.47058823529412,-62.050624787807465,-62.050624787807465,1.0
740000,0.09643096,-31.12518,44.5,-39.662851333618164,-39.662851333618164,1.0
741000,0.10905355,-33.449753,529.0,-577.3200073242188,-577.3200073242188,1.0
742000,0.08912411,-30.068047,110.21428571428571,-111.91714096069336,-111.91714096069336,1.0
743000,0.08492328,-28.945236,73.0909090909091,-69.81636238098145,-69.81636238098145,1.0
744000,0.061681803,-28.905546,90.78571428571429,-92.6999992957482,-92.6999992957482,1.0
745000,0.07188722,-27.653719,46.92307692307692,-41.48713908876692,-41.48713908876692,1.0
746000,0.08616265,-30.722124,194.28571428571428,-232.07666683197021,-232.07666683197021,1.0
747000,0.06091486,-28.394098,54.55555555555556,-52.00944338904487,-52.00944338904487,1.0
748000,0.073410675,-27.03959,65.66666666666667,-58.94933074315389,-58.94933074315389,1.0
749000,0.06782836,-28.264196,56.333333333333336,-51.204998672008514,-51.204998672008514,1.0
750000,0.09427386,-34.392746,591.5,-1099.3400230407715,-1099.3400230407715,1.0
751000,0.0654868,-26.803179,72.46153846153847,-80.48153686523438,-80.48153686523438,1.0
752000,0.10664662,-34.313736,999.0,-43.63999938964844,-43.63999938964844,1.0
753000,0.06246148,-27.467022,43.68181818181818,-84.01521645421568,-84.01521645421568,1.0
754000,0.05882523,-27.230776,60.6875,-56.54062366485596,-56.54062366485596,1.0
755000,0.08928531,-30.822077,43.166666666666664,-35.89833482106527,-35.89833482106527,1.0
756000,0.09959976,-31.996986,434.0,-468.22000873088837,-468.22000873088837,1.0
757000,0.09150713,-31.100403,51.5,-46.18000189463297,-46.18000189463297,1.0
758000,0.089695394,-30.819971,95.5625,-95.4543759226799,-95.4543759226799,1.0
759000,0.08134446,-32.24819,121.14285714285714,-123.15571226392474,-123.15571226392474,1.0
760000,0.06463459,-29.789095,100.38461538461539,-106.74916585286458,-106.74916585286458,1.0
761000,0.062136568,-27.670164,51.89473684210526,-45.536315842678675,-45.536315842678675,1.0
762000,0.055838417,-26.566004,50.77777777777778,-44.99526059000116,-44.99526059000116,1.0
763000,0.04798196,-27.058958,53.72222222222222,-49.954442765977646,-49.954442765977646,1.0
764000,0.07207563,-30.468878,48.5,-43.309090007435195,-43.309090007435195,1.0
765000,0.07207349,-30.928402,122.88888888888889,-124.6633333630032,-124.6633333630032,1.0
766000,0.086391866,-30.771582,103.07692307692308,-103.94692398951604,-103.94692398951604,1.0
767000,0.06366915,-28.772131,74.0,-56.74384505932148,-56.74384505932148,1.0
768000,0.057372537,-27.925653,53.8125,-59.96646572561825,-59.96646572561825,1.0
769000,0.0460239,-26.603516,54.4,-51.3999971841511,-51.3999971841511,1.0
770000,0.08077325,-28.769999,52.4375,-45.395879717434156,-45.395879717434156,1.0
771000,0.09502787,-34.005688,231.4,-301.005003452301,-301.005003452301,1.0
772000,0.049729496,-29.148567,66.33333333333333,-61.62599989573161,-61.62599989573161,1.0
773000,0.071298525,-26.274824,45.15,-39.64142654055641,-39.64142654055641,1.0
774000,0.07767122,-31.876698,50.333333333333336,-44.992219818962944,-44.992219818962944,1.0
775000,0.086480215,-29.355165,105.33333333333333,-113.26571437290737,-113.26571437290737,1.0
776000,0.06968437,-26.438581,44.526315789473685,-37.2284994840622,-37.2284994840622,1.0
777000,0.05989539,-28.407188,74.2,-73.45642730167934,-73.45642730167934,1.0
778000,0.06808777,-27.369715,47.526315789473685,-41.326497316360474,-41.326497316360474,1.0
779000,0.086418,-32.320873,47.75,-42.30874943733215,-42.30874943733215,1.0
780000,0.06908927,-29.849401,127.33333333333333,-130.91999626159668,-130.91999626159668,1.0
781000,0.067964375,-30.75528,88.3,-86.63499965667725,-86.63499965667725,1.0
782000,0.085059054,-34.038433,391.3333333333333,-423.94333871205646,-423.94333871205646,1.0
783000,0.069168024,-28.26824,58.166666666666664,-53.949999491373696,-53.949999491373696,1.0
784000,0.07389824,-32.39741,164.0,-169.4366673628489,-169.4366673628489,1.0
785000,0.051129434,-29.222458,53.36842105263158,-50.606664445665146,-50.606664445665146,1.0
786000,0.044895414,-27.897787,43.6,-36.27666464306059,-36.27666464306059,1.0
787000,0.06399196,-28.053202,51.75,-46.802998304367065,-46.802998304367065,1.0
788000,0.043052807,-28.448414,59.88235294117647,-55.60470558615292,-55.60470558615292,1.0
789000,0.06775496,-27.034595,50.25,-42.9594730076037,-42.9594730076037,1.0
790000,0.04596613,-28.151386,41.208333333333336,-36.589998622735344,-36.589998622735344,1.0
791000,0.05284011,-27.868933,56.1764705882353,-51.42058672624476,-51.42058672624476,1.0
792000,0.07632307,-31.070585,49.5,-45.27363534407182,-45.27363534407182,1.0
793000,0.076718345,-32.421844,164.55555555555554,-186.71125048398972,-186.71125048398972,1.0
794000,0.069632076,-28.515354,58.705882352941174,-55.12058577818029,-55.12058577818029,1.0
795000,0.08140668,-28.353994,70.64285714285714,-69.3642830167498,-69.3642830167498,1.0
796000,0.07129817,-28.17924,52.8,-46.26374864578247,-46.26374864578247,1.0
797000,0.06484845,-30.891644,99.41666666666667,-104.11181727322665,-104.11181727322665,1.0
798000,0.07824661,-29.455896,73.41666666666667,-68.60769242506761,-68.60769242506761,1.0
799000,0.055325747,-28.346178,63.23529411764706,-59.88624781370163,-59.88624781370163,1.0
800000,0.09874571,-32.389328,146.14285714285714,-68.97428321838379,-68.97428321838379,1.0
801000,0.056040168,-29.13649,66.14285714285714,-99.08333072662353,-99.08333072662353,1.0
802000,0.06529594,-30.243805,51.916666666666664,-46.531667033831276,-46.531667033831276,1.0
803000,0.05139298,-29.011673,71.36842105263158,-68.30315650136848,-68.30315650136848,1.0
804000,0.093070194,-30.618067,57.75,-52.853748202323914,-52.853748202323914,1.0
805000,0.094608374,-35.272495,423.0,-458.52667299906415,-458.52667299906415,1.0
806000,0.08858943,-34.884098,255.6,-316.7075033187866,-316.7075033187866,1.0
807000,0.05138369,-27.364832,44.45454545454545,-41.2718170339411,-41.2718170339411,1.0
808000,0.0827097,-34.46468,39.0,-34.857998085021975,-34.857998085021975,1.0
809000,0.075747594,-32.114094,204.71428571428572,-216.1771458217076,-216.1771458217076,1.0
810000,0.07285844,-35.060528,252.0,-268.7340015411377,-268.7340015411377,1.0
811000,0.08842349,-35.82683,569.0,-142.7300043106079,-142.7300043106079,1.0
812000,0.08253059,-30.510748,46.5,-136.77545764229515,-136.77545764229515,1.0
813000,0.08622154,-33.897457,293.5,-314.64750719070435,-314.64750719070435,1.0
814000,0.08896211,-36.328274,520.0,-567.3550109863281,-567.3550109863281,1.0
815000,0.08558942,-34.603752,184.71428571428572,-217.833336353302,-217.833336353302,1.0
816000,0.06755433,-29.576614,55.55555555555556,-47.40333257781135,-47.40333257781135,1.0
817000,0.06007768,-28.346151,51.73684210526316,-50.54684111946508,-50.54684111946508,1.0
818000,0.045011513,-27.04195,43.90909090909091,-37.75999769297513,-37.75999769297513,1.0
819000,0.07596242,-33.68221,68.5,-61.74571309770857,-61.74571309770857,1.0
820000,0.07959008,-31.772348,141.5,-146.631001663208,-146.631001663208,1.0
821000,0.07315533,-35.154263,282.0,-402.2800054550171,-402.2800054550171,1.0
822000,0.06286857,-27.7274,44.142857142857146,-36.56772672046315,-36.56772672046315,1.0
823000,0.07136468,-35.46244,66.5,-61.2349967956543,-61.2349967956543,1.0
824000,0.0621611,-36.051636,301.5,-324.11500310897827,-324.11500310897827,1.0
825000,0.05625511,-31.729233,122.42857142857143,-133.47461634415848,-133.47461634415848,1.0
826000,0.05212647,-36.8603,999.0,-19.860002517700195,-19.860002517700195,1.0
827000,0.061559226,-27.411945,45.95,-90.53095204489571,-90.53095204489571,1.0
828000,0.060554598,-29.710766,61.0625,-56.51624929904938,-56.51624929904938,1.0
829000,0.054116152,-37.06803,94.0,-93.23000526428223,-93.23000526428223,1.0
830000,0.065836534,-34.684113,176.14285714285714,-184.88285786764962,-184.88285786764962,1.0
831000,0.05822007,-31.945133,146.08333333333334,-160.11454655907372,-160.11454655907372,1.0
832000,0.060772095,-28.745234,48.4,-43.515996837615965,-43.515996837615965,1.0
833000,0.067902125,-32.26486,67.0,-60.93999836661599,-60.93999836661599,1.0
834000,0.066494144,-35.56177,261.4,-299.9600067138672,-299.9600067138672,1.0
835000,0.06890499,-37.412407,999.0,-197.6399917602539,-197.6399917602539,1.0
836000,0.09022933,-33.168404,107.88888888888889,-226.41111416286893,-226.41111416286893,1.0
837000,0.05611701,-29.080202,52.1578947368421,-46.70473349721808,-46.70473349721808,1.0
838000,0.045216385,-29.645935,72.57142857142857,-68.97785663604736,-68.97785663604736,1.0
839000,0.04948459,-29.370216,56.35294117647059,-53.30352794422823,-53.30352794422823,1.0
840000,0.053527985,-29.036085,51.5,-45.10789108276367,-45.10789108276367,1.0
841000,0.062203906,-28.931423,49.0,-41.01699879169464,-41.01699879169464,1.0
842000,0.096632555,-36.00589,39.0,-47.7724986076355,-47.7724986076355,1.0
843000,0.06653676,-31.930391,126.08333333333333,-129.03583351771036,-129.03583351771036,1.0
844000,0.06972114,-34.836514,166.25,-196.92285994121008,-196.92285994121008,1.0
845000,0.075914,-33.29625,55.714285714285715,-46.61125063896179,-46.61125063896179,1.0
846000,0.07348935,-32.890087,110.42857142857143,-112.06357179369245,-112.06357179369245,1.0
847000,0.06473542,-28.002556,59.88235294117647,-58.87812411785126,-58.87812411785126,1.0
848000,0.087519996,-35.252842,49.0,-33.39750027656555,-33.39750027656555,1.0
849000,0.073186934,-32.204292,132.07692307692307,-136.02307737790622,-136.02307737790622,1.0
850000,0.098922834,-36.79894,282.25,-396.90000279744464,-396.90000279744464,1.0
851000,0.06786629,-32.160828,76.125,-67.57999738057454,-67.57999738057454,1.0
852000,0.066845216,-33.719666,108.23076923076923,-114.38833522796631,-114.38833522796631,1.0
853000,0.05187624,-31.2013,72.07692307692308,-69.95846051436205,-69.95846051436205,1.0
854000,0.06841344,-28.17307,40.791666666666664,-34.65208192666372,-34.65208192666372,1.0
855000,0.0648213,-29.424898,44.77272727272727,-39.61999895355918,-39.61999895355918,1.0
856000,0.05845776,-31.710522,39.357142857142854,-32.85532935460409,-32.85532935460409,1.0
857000,0.06949339,-34.509247,180.875,-211.69428852626257,-211.69428852626257,1.0
858000,0.055267755,-28.95107,44.22727272727273,-38.92090676047585,-38.92090676047585,1.0
859000,0.06772178,-27.874609,45.59090909090909,-38.66272644563155,-38.66272644563155,1.0
860000,0.0854753,-36.985832,26.5,-30.976664861043293,-30.976664861043293,1.0
861000,0.055471364,-30.185585,89.23809523809524,-89.99100053310394,-89.99100053310394,1.0
862000,0.083038755,-34.130566,80.0,-73.49332936604817,-73.49332936604817,1.0
863000,0.075575694,-31.87729,79.1,-81.22315818385074,-81.22315818385074,1.0
864000,0.06082966,-30.368866,68.2,-62.09133110046387,-62.09133110046387,1.0
865000,0.07944862,-31.152056,49.2,-44.04124879837036,-44.04124879837036,1.0
866000,0.07879131,-36.507786,267.75,-287.117506980896,-287.117506980896,1.0
867000,0.08819209,-37.4994,348.0,-376.3566719690959,-376.3566719690959,1.0
868000,0.09765351,-36.59296,359.0,-579.7850122451782,-579.7850122451782,1.0
869000,0.06817275,-30.573223,42.69565217391305,-36.872173143469766,-36.872173143469766,1.0
870000,0.07667463,-29.077085,55.111111111111114,-45.68444225523207,-45.68444225523207,1.0
