Steps,Policy/Entropy,Policy/Extrinsic Value Estimate,Environment/Cumulative Reward,Policy/Extrinsic Reward,Environment/Episode Length,Is Training
2000,2.1946912,-0.1848475,-220.42004013061523,-220.42004013061523,999.0,1.0
3000,2.1796875,-0.9731609,-145.94237112998962,-145.94237112998962,999.0,1.0
4000,2.1679733,-2.3096347,-33.438169717788696,-33.438169717788696,999.0,1.0
5000,2.1751518,-1.548629,-283.59055185317993,-283.59055185317993,999.0,1.0
6000,2.1809037,-0.86115223,-0.020191669464111328,-0.020191669464111328,999.0,1.0
7000,2.1706483,-1.4550283,521.4418969154358,521.4418969154358,322.0,1.0
8000,2.1700556,-1.337643,473.5076105594635,473.5076105594635,602.0,1.0
9000,2.1702645,-1.0909224,-19.986440420150757,-19.986440420150757,999.0,1.0
10000,2.1786797,-0.8752531,-238.65250492095947,-238.65250492095947,999.0,1.0
11000,2.146694,-1.2503556,-197.17865109443665,-197.17865109443665,999.0,1.0
12000,2.1438177,-1.5391881,-150.72428703308105,-150.72428703308105,999.0,1.0
13000,2.1758456,-1.5244119,-257.4116892814636,-257.4116892814636,999.0,1.0
14000,2.1380568,-1.3858621,579.9614100456238,579.9614100456238,567.0,1.0
15000,2.135732,-1.8587639,-104.42303609848022,-104.42303609848022,999.0,1.0
16000,2.1454418,-2.652832,-47.19259595870972,-47.19259595870972,999.0,1.0
17000,2.1048129,-1.7371447,-122.61959552764893,-122.61959552764893,999.0,1.0
18000,2.1198003,-1.9981343,13.913215637207031,13.913215637207031,999.0,1.0
19000,2.1363657,-0.76545906,415.65038442611694,415.65038442611694,507.0,1.0
20000,2.1017299,-0.7846662,-144.48019409179688,-144.48019409179688,999.0,1.0
21000,2.088074,-2.132728,-106.26493120193481,-106.26493120193481,999.0,1.0
22000,2.1064546,-1.6176972,-230.1057767868042,-230.1057767868042,999.0,1.0
23000,2.0647852,-1.2044344,85.71448993682861,85.71448993682861,999.0,1.0
24000,2.0924106,-2.1875021,-171.77223777770996,-171.77223777770996,999.0,1.0
25000,2.0174236,-1.7589775,523.7397307157516,523.7397307157516,516.0,1.0
26000,2.0506957,-1.5716182,557.0809278488159,557.0809278488159,565.5,1.0
27000,2.0023985,-0.6692363,-110.65810203552246,-110.65810203552246,999.0,1.0
28000,2.1070077,-3.2611217,-123.96885538101196,-123.96885538101196,999.0,1.0
29000,1.9892899,-2.8095114,503.5455809831619,503.5455809831619,509.0,1.0
30000,1.9347036,-0.85088867,-98.61061716079712,-98.61061716079712,999.0,1.0
31000,2.1194272,-1.9387453,-83.29988431930542,-83.29988431930542,999.0,1.0
32000,2.0387661,-0.9142407,-115.78153800964355,-115.78153800964355,999.0,1.0
33000,1.944185,-1.3709985,-124.05731058120728,-124.05731058120728,999.0,1.0
34000,2.0843103,-1.3417277,-210.81212711334229,-210.81212711334229,999.0,1.0
35000,2.130417,-2.5752368,-249.18586015701294,-249.18586015701294,999.0,1.0
36000,2.0794275,-2.208683,-151.92876625061035,-151.92876625061035,999.0,1.0
37000,2.1418216,-3.3330183,-99.67920875549316,-99.67920875549316,999.0,1.0
38000,2.0892224,-1.1847029,-102.71415042877197,-102.71415042877197,999.0,1.0
39000,1.9623941,-2.2222018,-114.08566045761108,-114.08566045761108,999.0,1.0
40000,2.1206908,-2.6463907,1054.3211965560913,1054.3211965560913,623.0,1.0
41000,2.0444603,-1.5038886,-210.10944652557373,-210.10944652557373,999.0,1.0
42000,1.9448459,-2.4204645,-162.17068576812744,-162.17068576812744,999.0,1.0
43000,1.9337482,-3.8280458,-172.2054681777954,-172.2054681777954,999.0,1.0
44000,1.9533706,-2.464325,-148.84082913398743,-148.84082913398743,999.0,1.0
45000,1.9457291,-1.3597379,-111.45903444290161,-111.45903444290161,999.0,1.0
46000,1.9964663,-3.0343533,494.9736728668213,494.9736728668213,568.0,1.0
47000,1.995976,-4.1414375,470.25419414043427,470.25419414043427,461.6666666666667,1.0
48000,2.140985,-2.9999402,978.5957984924316,978.5957984924316,999.0,1.0
49000,2.0944545,-2.5694635,414.33148431777954,414.33148431777954,753.0,1.0
50000,1.9070202,-2.0602865,-154.94297885894775,-154.94297885894775,999.0,1.0
51000,1.9022673,-3.1432333,-161.08677673339844,-161.08677673339844,999.0,1.0
52000,1.9068258,-2.552298,640.2783782482147,640.2783782482147,368.0,1.0
53000,1.9409003,-2.5561643,-127.44794249534607,-127.44794249534607,999.0,1.0
54000,2.0464456,-0.305376,-218.7662169933319,-218.7662169933319,999.0,1.0
55000,1.8662862,0.5666807,34.057255268096924,34.057255268096924,999.0,1.0
56000,2.1070724,-2.5750039,-95.1525444984436,-95.1525444984436,999.0,1.0
57000,1.9308543,-3.8538544,1000.7091112136841,1000.7091112136841,223.5,1.0
58000,1.9693938,-2.919241,542.9849479198456,542.9849479198456,608.0,1.0
59000,1.9005382,-1.0412843,404.07614755630493,404.07614755630493,505.5,1.0
60000,1.9435971,-0.12593885,457.71929478645325,457.71929478645325,519.5,1.0
61000,1.9975855,-1.6939205,-130.5091109275818,-130.5091109275818,999.0,1.0
62000,1.8325554,-4.555799,-6.088437557220459,-6.088437557220459,999.0,1.0
63000,1.8258773,-3.4660156,-72.72611713409424,-72.72611713409424,999.0,1.0
64000,1.8785288,-2.9843311,-143.94415092468262,-143.94415092468262,999.0,1.0
65000,1.9128512,-1.3628731,639.0931347211202,639.0931347211202,433.6666666666667,1.0
66000,1.7656147,-3.0488605,-122.59755277633667,-122.59755277633667,999.0,1.0
67000,2.1378303,-1.7330071,470.1364893913269,470.1364893913269,503.0,1.0
68000,2.14465,0.24346307,-110.91968059539795,-110.91968059539795,999.0,1.0
69000,2.120706,-1.3530728,-98.68239307403564,-98.68239307403564,999.0,1.0
70000,2.08496,-0.869491,1031.9540734291077,1031.9540734291077,406.5,1.0
71000,1.959984,-1.8621101,515.9637088775635,515.9637088775635,504.0,1.0
72000,1.7585474,-1.5259005,631.0250047047933,631.0250047047933,367.3333333333333,1.0
73000,1.9513979,-1.9231455,-14.189404487609863,-14.189404487609863,999.0,1.0
74000,1.6457497,-2.7534418,-122.066171169281,-122.066171169281,999.0,1.0
75000,2.1411178,0.4153789,-142.77859163284302,-142.77859163284302,999.0,1.0
76000,2.063041,-1.6996405,1148.4007070064545,1148.4007070064545,311.0,1.0
77000,2.098204,-0.03503244,-271.01504135131836,-271.01504135131836,999.0,1.0
78000,1.8740373,-1.8784548,26.64652967453003,26.64652967453003,999.0,1.0
79000,1.9441811,-2.0270622,447.65453267097473,447.65453267097473,749.0,1.0
80000,1.9822947,1.950301,-295.1230492591858,-295.1230492591858,999.0,1.0
81000,2.071736,1.5565462,-47.71411752700806,-47.71411752700806,999.0,1.0
82000,2.1275353,-2.760882,1164.2541694641113,1164.2541694641113,139.0,1.0
83000,1.6122714,-3.0870268,-66.56606674194336,-66.56606674194336,999.0,1.0
84000,2.0226583,0.056952477,-190.73893404006958,-190.73893404006958,999.0,1.0
85000,2.044532,-0.103750154,-141.45340204238892,-141.45340204238892,999.0,1.0
86000,1.5918852,-3.3922446,377.8805215358734,377.8805215358734,544.0,1.0
87000,1.8494513,-1.6921417,794.3923224210739,794.3923224210739,406.25,1.0
88000,1.583132,-5.1651926,-89.48716640472412,-89.48716640472412,999.0,1.0
89000,2.0134783,-1.9166876,482.9314007759094,482.9314007759094,522.5,1.0
90000,1.5403472,-4.166631,1105.7090339660645,1105.7090339660645,154.5,1.0
91000,1.9294248,-1.1835285,-48.40982961654663,-48.40982961654663,999.0,1.0
92000,1.620385,-2.2516603,-127.25003433227539,-127.25003433227539,999.0,1.0
93000,1.92054,-1.3728905,-201.05287981033325,-201.05287981033325,999.0,1.0
94000,2.0162635,0.34827322,-66.11831521987915,-66.11831521987915,999.0,1.0
95000,1.5556738,-2.569489,-140.79310274124146,-140.79310274124146,999.0,1.0
96000,1.5920485,-3.4693813,-132.73773097991943,-132.73773097991943,999.0,1.0
97000,1.5451772,-5.702014,-220.54556322097778,-220.54556322097778,999.0,1.0
98000,1.933009,-0.76628995,-64.26938772201538,-64.26938772201538,999.0,1.0
99000,1.5967206,-5.1442637,-185.16469860076904,-185.16469860076904,999.0,1.0
100000,1.5412145,2.2256737,-37.011836886405945,-37.011836886405945,999.0,1.0
101000,1.4853613,-1.6338919,-25.635619640350342,-25.635619640350342,999.0,1.0
102000,2.0443342,-0.0013318658,-132.36908102035522,-132.36908102035522,999.0,1.0
103000,2.069573,1.7326936,-124.93351203203201,-124.93351203203201,999.0,1.0
104000,2.0266716,1.4680508,571.87109375,571.87109375,527.0,1.0
105000,2.0094762,-0.9979781,768.1130495667458,768.1130495667458,267.5,1.0
106000,1.6641635,-5.083067,49.07679224014282,49.07679224014282,999.0,1.0
107000,1.9487722,-1.7257929,456.880432844162,456.880432844162,610.0,1.0
108000,1.794859,-1.0297345,-39.926668643951416,-39.926668643951416,999.0,1.0
109000,1.5340322,-2.9683843,-177.57866382598877,-177.57866382598877,999.0,1.0
110000,1.8105843,0.11022106,-237.8909420967102,-237.8909420967102,999.0,1.0
111000,2.0444934,0.42716408,747.4333832263947,747.4333832263947,267.25,1.0
112000,2.0690987,-0.5058541,464.56249952316284,464.56249952316284,500.0,1.0
113000,2.0973072,-0.53453434,-161.3067626953125,-161.3067626953125,999.0,1.0
114000,1.5464461,-8.679786,1035.841980934143,1035.841980934143,624.0,1.0
115000,1.4912218,-3.0295887,-78.70255136489868,-78.70255136489868,999.0,1.0
116000,1.9410791,1.9378996,-178.29181098937988,-178.29181098937988,999.0,1.0
117000,1.6307461,-2.3778892,-54.86335229873657,-54.86335229873657,999.0,1.0
118000,1.8644104,-1.2510831,893.7064422879901,893.7064422879901,249.57142857142858,1.0
119000,1.5135335,1.9817331,-88.8353796005249,-88.8353796005249,999.0,1.0
120000,1.3563617,-3.8386128,1046.8822374343872,1046.8822374343872,125.0,1.0
121000,1.5523665,0.3489781,491.66662192344666,491.66662192344666,549.0,1.0
122000,1.9365102,0.87492496,484.9461579322815,484.9461579322815,505.0,1.0
123000,1.6163281,-1.3157538,766.1887681484222,766.1887681484222,269.75,1.0
124000,1.8553102,-0.5750385,448.032940864563,448.032940864563,593.5,1.0
125000,2.0012636,0.36693597,-164.30341351032257,-164.30341351032257,999.0,1.0
126000,1.8293837,0.96828663,671.2619932492574,671.2619932492574,414.6666666666667,1.0
127000,1.5896415,3.613096,-57.539748668670654,-57.539748668670654,999.0,1.0
128000,2.027115,2.3863811,496.29988169670105,496.29988169670105,501.0,1.0
129000,1.8011355,0.71605325,-172.0195174217224,-172.0195174217224,999.0,1.0
130000,1.3392987,0.51917326,-121.44439125061035,-121.44439125061035,999.0,1.0
131000,1.4473706,4.1893096,-65.64137029647827,-65.64137029647827,999.0,1.0
132000,1.3066238,-4.5262346,-44.70219326019287,-44.70219326019287,999.0,1.0
133000,1.4817425,0.14840345,641.5817101399103,641.5817101399103,368.6666666666667,1.0
134000,1.4901681,-0.07374027,-175.58600568771362,-175.58600568771362,999.0,1.0
135000,1.8834486,2.414536,13.549197673797607,13.549197673797607,999.0,1.0
136000,1.3767546,-2.39055,-82.7660322189331,-82.7660322189331,999.0,1.0
137000,1.9640292,-0.14739949,22.28409194946289,22.28409194946289,999.0,1.0
138000,1.498901,0.8752194,1204.7712860107422,1204.7712860107422,204.0,1.0
139000,1.9947075,2.5127044,-113.68795776367188,-113.68795776367188,999.0,1.0
140000,1.4930869,-8.401122,488.4884510040283,488.4884510040283,579.5,1.0
141000,1.9307914,-0.97993493,663.7056291898092,663.7056291898092,486.6666666666667,1.0
142000,2.0188897,3.251516,-63.96031951904297,-63.96031951904297,999.0,1.0
143000,2.0057664,1.9877808,-168.1037244796753,-168.1037244796753,999.0,1.0
144000,1.7691952,-2.2509685,-131.27434921264648,-131.27434921264648,999.0,1.0
145000,1.3556645,-5.15213,-54.66220021247864,-54.66220021247864,999.0,1.0
146000,1.3445908,-9.080595,-151.62038707733154,-151.62038707733154,999.0,1.0
147000,1.5880402,-3.7494283,512.299565076828,512.299565076828,524.5,1.0
148000,1.9994291,-0.7186963,1057.3340854644775,1057.3340854644775,367.0,1.0
149000,1.9723487,3.939605,-55.793118953704834,-55.793118953704834,999.0,1.0
150000,1.9509543,3.7585413,-103.79582262039185,-103.79582262039185,999.0,1.0
151000,2.019852,0.26068196,-133.17675018310547,-133.17675018310547,999.0,1.0
152000,1.9236088,-1.2755096,750.2463935613632,750.2463935613632,467.25,1.0
153000,1.7472727,0.9004688,1041.5956106185913,1041.5956106185913,743.0,1.0
154000,1.2860374,-6.866824,-159.80641841888428,-159.80641841888428,999.0,1.0
155000,1.4565285,-7.795107,-114.25662565231323,-114.25662565231323,999.0,1.0
156000,1.9330167,3.4406476,1063.5825834274292,1063.5825834274292,333.0,1.0
157000,1.5273794,-3.2311847,747.9878777265549,747.9878777265549,292.0,1.0
158000,1.4582003,-8.504231,729.3188861211141,729.3188861211141,360.25,1.0
159000,1.0571246,-10.6562805,1066.0333967208862,1066.0333967208862,37.0,1.0
160000,1.0933144,-11.839958,552.1767454147339,552.1767454147339,517.5,1.0
161000,1.8408527,4.3235655,722.5895146528879,722.5895146528879,378.6666666666667,1.0
162000,1.7374238,-2.9630773,660.1388815244039,660.1388815244039,530.6666666666666,1.0
163000,1.1726967,-0.7423947,-156.56027221679688,-156.56027221679688,999.0,1.0
164000,1.7540407,2.649706,1118.465133190155,1118.465133190155,196.5,1.0
165000,1.6782732,3.1626587,668.3586095174154,668.3586095174154,521.3333333333334,1.0
166000,1.2019664,1.7208958,-123.58469200134277,-123.58469200134277,999.0,1.0
167000,1.9026037,1.8365457,424.56626176834106,424.56626176834106,500.0,1.0
168000,1.7926743,2.8887155,1099.157358467579,1099.157358467579,248.5,1.0
169000,1.7042333,6.1528435,684.6305454572042,684.6305454572042,345.0,1.0
170000,1.0964863,10.137703,-134.04264068603516,-134.04264068603516,999.0,1.0
171000,1.7351824,1.8085269,469.24715662002563,469.24715662002563,512.5,1.0
172000,0.80824655,4.4408855,-233.44293594360352,-233.44293594360352,999.0,1.0
173000,0.88585275,-5.6282835,-227.18267679214478,-227.18267679214478,999.0,1.0
174000,1.1372933,-4.521788,-248.938374042511,-248.938374042511,999.0,1.0
175000,1.8364213,6.33523,460.11638593673706,460.11638593673706,544.5,1.0
176000,1.0917174,-0.033174906,1183.769142150879,1183.769142150879,272.0,1.0
177000,0.82979846,-0.6614993,-110.98056936264038,-110.98056936264038,999.0,1.0
178000,0.9337087,-12.103017,-72.47739744186401,-72.47739744186401,999.0,1.0
179000,1.5876453,-3.0701163,-53.78845930099487,-53.78845930099487,999.0,1.0
180000,1.8294665,3.5853972,461.9901463985443,461.9901463985443,512.5,1.0
181000,1.244296,-0.57515806,876.5072312355042,876.5072312355042,195.0,1.0
182000,1.5824568,-2.2599754,-17.285762786865234,-17.285762786865234,999.0,1.0
183000,1.9251424,4.330935,-159.73760104179382,-159.73760104179382,999.0,1.0
184000,1.9410509,5.491978,-86.58134126663208,-86.58134126663208,999.0,1.0
185000,1.9084824,4.420763,-93.49567174911499,-93.49567174911499,999.0,1.0
186000,1.9915998,5.050554,-195.61282777786255,-195.61282777786255,999.0,1.0
187000,1.2678728,3.9026842,-126.65851402282715,-126.65851402282715,999.0,1.0
188000,1.6578968,0.9588282,-180.34848713874817,-180.34848713874817,999.0,1.0
189000,1.8201872,-1.2484338,-86.09235000610352,-86.09235000610352,999.0,1.0
190000,1.8025604,0.6065432,34.24680852890015,34.24680852890015,999.0,1.0
191000,1.8562454,3.53648,430.67264676094055,430.67264676094055,509.0,1.0
192000,1.8742621,3.3822353,695.6479705174764,695.6479705174764,380.0,1.0
193000,1.8608104,3.4379096,506.73452138900757,506.73452138900757,523.5,1.0
194000,1.8279833,4.0438786,533.7060041427612,533.7060041427612,531.0,1.0
195000,1.8886677,6.838888,480.4762153625488,480.4762153625488,522.5,1.0
196000,1.6099615,4.8430142,-146.1830039024353,-146.1830039024353,999.0,1.0
197000,1.263305,-7.2740564,-153.08124589920044,-153.08124589920044,999.0,1.0
198000,1.2004173,3.360169,1037.0546770095825,1037.0546770095825,335.5,1.0
199000,1.4594536,0.8881986,-154.2008786201477,-154.2008786201477,999.0,1.0
200000,1.9171182,3.8187735,-70.79660415649414,-70.79660415649414,999.0,1.0
201000,1.8844019,6.6787453,643.704129854838,643.704129854838,354.3333333333333,1.0
202000,1.8282613,3.2336416,493.2823414802551,493.2823414802551,551.0,1.0
203000,1.8365945,3.9503129,-228.59024333953857,-228.59024333953857,999.0,1.0
204000,1.9985807,4.7693744,500.1827669143677,500.1827669143677,564.0,1.0
205000,1.8365107,7.906551,1117.032558441162,1117.032558441162,530.0,1.0
206000,0.98501533,20.31596,-263.55202531814575,-263.55202531814575,999.0,1.0
207000,1.6021916,8.917784,518.060534954071,518.060534954071,545.0,1.0
208000,1.9587684,4.2308955,494.2105977535248,494.2105977535248,516.5,1.0
209000,1.3583337,-7.167437,-88.69952630996704,-88.69952630996704,999.0,1.0
210000,1.5502123,-3.6490898,3.791195869445801,3.791195869445801,999.0,1.0
211000,1.9052562,5.369792,-69.3455638885498,-69.3455638885498,999.0,1.0
212000,1.1748319,8.168713,-197.33946323394775,-197.33946323394775,999.0,1.0
213000,1.4688518,8.794732,659.0743611653646,659.0743611653646,480.3333333333333,1.0
214000,1.636904,3.368847,-91.74895030260086,-91.74895030260086,999.0,1.0
215000,0.9783207,4.3837643,416.3421367406845,416.3421367406845,510.0,1.0
216000,1.6406187,7.5755587,686.5654346148173,686.5654346148173,350.6666666666667,1.0
217000,0.92408556,2.4850302,672.1052293777466,672.1052293777466,343.0,1.0
218000,1.7805176,9.327801,992.6646633148193,992.6646633148193,314.3333333333333,1.0
219000,1.0785717,30.312836,513.3242788314819,513.3242788314819,518.5,1.0
220000,1.5640585,2.8041708,504.2267565727234,504.2267565727234,502.5,1.0
221000,1.0790759,-15.728266,513.7498009204865,513.7498009204865,517.5,1.0
222000,1.9118145,8.0079775,462.9448347091675,462.9448347091675,504.0,1.0
223000,1.0050111,-9.606286,1147.6353073120117,1147.6353073120117,181.0,1.0
224000,1.1160625,-5.488019,684.254332780838,684.254332780838,413.6666666666667,1.0
225000,1.5171689,1.3893896,501.8204231262207,501.8204231262207,500.0,1.0
226000,1.142723,9.277501,475.3240509033203,475.3240509033203,520.0,1.0
227000,1.2363032,4.199485,-91.25263476371765,-91.25263476371765,999.0,1.0
228000,1.1963956,-1.2506075,-86.03269004821777,-86.03269004821777,999.0,1.0
229000,1.4340568,1.8288347,650.5898352861404,650.5898352861404,440.6666666666667,1.0
230000,1.6233186,10.949961,506.4707989692688,506.4707989692688,514.5,1.0
231000,1.7544781,8.514356,443.3361074924469,443.3361074924469,606.5,1.0
232000,1.9290577,3.1354609,-247.2262420654297,-247.2262420654297,999.0,1.0
233000,1.1862212,35.62927,1148.9529647827148,1148.9529647827148,116.0,1.0
234000,0.9425468,4.5834236,-106.94841384887695,-106.94841384887695,999.0,1.0
235000,1.6853079,8.457592,-202.57227993011475,-202.57227993011475,999.0,1.0
236000,1.7376063,6.1452703,-140.57319831848145,-140.57319831848145,999.0,1.0
237000,1.8884022,7.331053,765.9056930541992,765.9056930541992,383.5,1.0
238000,1.7691715,11.27644,1078.7683181762695,1078.7683181762695,523.0,1.0
239000,1.1172197,-2.4437542,475.4118502140045,475.4118502140045,502.5,1.0
240000,1.6975287,8.690684,918.0872491730584,918.0872491730584,197.22222222222223,1.0
241000,0.8114341,30.498798,-153.79487800598145,-153.79487800598145,999.0,1.0
242000,1.6846045,12.617562,-94.77946996688843,-94.77946996688843,999.0,1.0
243000,0.9861281,-3.4545276,461.1491596698761,461.1491596698761,355.0,1.0
244000,1.8003243,3.9781637,1100.0935668945312,1100.0935668945312,39.0,1.0
245000,1.04695,-0.63457596,-132.1168532371521,-132.1168532371521,999.0,1.0
246000,1.879494,7.352542,-140.9653468132019,-140.9653468132019,999.0,1.0
247000,1.0546057,-15.418902,-183.06944513320923,-183.06944513320923,999.0,1.0
248000,0.9330644,-16.35267,-82.94418621063232,-82.94418621063232,999.0,1.0
249000,0.85584,-0.38481998,-141.8397560119629,-141.8397560119629,999.0,1.0
250000,1.8718915,6.269338,-210.32286405563354,-210.32286405563354,999.0,1.0
251000,1.9479905,9.970598,435.86179852485657,435.86179852485657,506.0,1.0
252000,0.80954075,2.483995,1072.3243789672852,1072.3243789672852,975.0,1.0
253000,1.8196323,7.05863,-163.19468450546265,-163.19468450546265,999.0,1.0
254000,0.88597,-1.2267205,-97.25715589523315,-97.25715589523315,999.0,1.0
255000,0.78417546,8.511405,448.2560086250305,448.2560086250305,517.0,1.0
256000,0.82637936,22.255804,501.64151096343994,501.64151096343994,556.5,1.0
257000,1.6520545,13.263956,-148.12285947799683,-148.12285947799683,999.0,1.0
258000,1.9052852,8.52714,-76.77816152572632,-76.77816152572632,999.0,1.0
259000,1.7011598,10.228506,751.5497282743454,751.5497282743454,426.25,1.0
260000,0.7858839,5.1411624,518.4998294115067,518.4998294115067,519.0,1.0
261000,0.82715493,-2.0233278,-99.45910239219666,-99.45910239219666,519.0,1.0
262000,0.9021856,23.253891,1181.303955078125,1181.303955078125,999.0,1.0
263000,1.8378552,10.822493,-114.58678913116455,-114.58678913116455,999.0,1.0
264000,1.7459985,9.874249,413.38196301460266,413.38196301460266,853.0,1.0
265000,1.1388348,6.4681897,466.4685928821564,466.4685928821564,535.5,1.0
266000,1.2231939,36.78145,-99.38348984718323,-99.38348984718323,999.0,1.0
267000,1.0211772,-20.327326,-53.19024133682251,-53.19024133682251,999.0,1.0
268000,2.027886,20.121426,500.5094385147095,500.5094385147095,525.0,1.0
269000,0.83959854,4.351022,1126.8594512939453,1126.8594512939453,69.0,1.0
270000,0.8455996,0.6865146,-203.0779995918274,-203.0779995918274,999.0,1.0
271000,1.6606482,8.383326,-200.21510553359985,-200.21510553359985,999.0,1.0
272000,1.1560888,40.399223,479.59217643737793,479.59217643737793,523.0,1.0
273000,1.022393,-11.778749,-323.0333733558655,-323.0333733558655,999.0,1.0
274000,0.8286931,-14.887277,510.7513301372528,510.7513301372528,548.0,1.0
275000,0.6341132,9.251641,478.31265330314636,478.31265330314636,522.5,1.0
276000,1.4315141,10.68829,-218.3376796245575,-218.3376796245575,999.0,1.0
277000,1.8112733,8.517199,470.8192415237427,470.8192415237427,507.5,1.0
278000,1.052522,-3.673031,498.41014528274536,498.41014528274536,524.0,1.0
279000,0.5655955,-4.6051702,-62.84667444229126,-62.84667444229126,999.0,1.0
280000,0.61120945,-3.080359,-179.11178302764893,-179.11178302764893,999.0,1.0
281000,1.3096153,2.3957992,-208.72186827659607,-208.72186827659607,999.0,1.0
282000,1.9218311,9.747643,428.05164432525635,428.05164432525635,516.5,1.0
283000,1.1978557,0.81404716,-179.40753841400146,-179.40753841400146,999.0,1.0
284000,0.68673253,-10.3642845,-102.65245389938354,-102.65245389938354,999.0,1.0
285000,0.9256202,-14.349519,501.74679803848267,501.74679803848267,556.0,1.0
286000,0.91713864,-18.210846,-83.75471210479736,-83.75471210479736,999.0,1.0
287000,1.3639934,-3.4783492,-201.8549952507019,-201.8549952507019,999.0,1.0
288000,1.7039543,6.6855288,-147.80694437026978,-147.80694437026978,999.0,1.0
289000,1.6389297,3.051497,24.570441007614136,24.570441007614136,999.0,1.0
290000,1.7139381,7.989409,-65.53056621551514,-65.53056621551514,999.0,1.0
291000,1.264951,6.164992,-105.28111028671265,-105.28111028671265,999.0,1.0
292000,1.2937267,2.0828972,-248.960186958313,-248.960186958313,999.0,1.0
293000,1.1880969,-4.2283883,463.616334438324,463.616334438324,506.5,1.0
294000,1.2350887,-6.8404865,-26.05367422103882,-26.05367422103882,999.0,1.0
295000,1.2321074,26.09027,-131.42661094665527,-131.42661094665527,999.0,1.0
296000,0.6847438,15.270973,536.744960308075,536.744960308075,512.0,1.0
297000,0.7447481,-8.760057,708.3076566060384,708.3076566060384,370.0,1.0
298000,1.1272198,8.581037,-221.4558916091919,-221.4558916091919,999.0,1.0
299000,1.5626923,-0.3317907,-145.8990650177002,-145.8990650177002,999.0,1.0
300000,1.0648229,-22.444864,2.8205652236938477,2.8205652236938477,999.0,1.0
301000,1.5487585,1.0320344,30.789165258407593,30.789165258407593,999.0,1.0
302000,1.8410031,17.438148,617.7001063028971,617.7001063028971,355.0,1.0
303000,1.232816,12.397747,41.0461163520813,41.0461163520813,999.0,1.0
304000,0.882774,-3.6952264,-182.08835315704346,-182.08835315704346,999.0,1.0
305000,1.5853264,13.539467,534.102801322937,534.102801322937,593.5,1.0
306000,0.77075624,-31.516129,-115.94581520557404,-115.94581520557404,999.0,1.0
307000,0.82381785,-10.40188,1073.6100902557373,1073.6100902557373,242.0,1.0
308000,0.41701153,-7.1347566,-67.2855281829834,-67.2855281829834,999.0,1.0
309000,1.5278357,13.223568,-92.19294357299805,-92.19294357299805,999.0,1.0
310000,0.9724754,24.036692,691.0907592773438,691.0907592773438,361.0,1.0
311000,1.3118628,14.322584,796.1029430627823,796.1029430627823,405.0,1.0
312000,0.61545616,-11.64802,-133.4989743232727,-133.4989743232727,999.0,1.0
313000,1.4668024,6.7146473,-23.8895206451416,-23.8895206451416,999.0,1.0
314000,1.4670244,18.82,621.3100662231445,621.3100662231445,529.0,1.0
315000,1.1120981,11.979728,1038.7295393943787,1038.7295393943787,315.5,1.0
316000,0.44310942,2.4631479,427.9691951274872,427.9691951274872,502.0,1.0
317000,0.52393,-9.748113,475.44505858421326,475.44505858421326,504.5,1.0
318000,0.5637133,-16.81319,-94.72365808486938,-94.72365808486938,999.0,1.0
319000,0.9806681,-2.4540129,509.9316372871399,509.9316372871399,618.5,1.0
320000,2.1312702,37.376083,1123.312635421753,1123.312635421753,208.0,1.0
321000,1.714609,18.1726,649.313755830129,649.313755830129,445.0,1.0
322000,0.80580986,11.002463,-221.63900327682495,-221.63900327682495,999.0,1.0
323000,0.51027536,1.3534847,452.94679498672485,452.94679498672485,528.0,1.0
324000,1.1588175,1.3555359,-197.6558313369751,-197.6558313369751,999.0,1.0
325000,0.9678155,-3.8078666,-125.01589775085449,-125.01589775085449,999.0,1.0
326000,0.43900648,-4.7221737,525.6376206874847,525.6376206874847,523.0,1.0
327000,0.35593078,0.4755508,-121.65867185592651,-121.65867185592651,999.0,1.0
328000,1.0515352,3.8508372,520.5788311958313,520.5788311958313,568.0,1.0
329000,1.3034009,14.4381,13.399002075195312,13.399002075195312,999.0,1.0
330000,0.6068091,7.8876796,-228.84204483032227,-228.84204483032227,999.0,1.0
331000,0.93031245,4.189378,423.7820354104042,423.7820354104042,508.5,1.0
332000,1.2731067,9.105373,499.54446816444397,499.54446816444397,511.0,1.0
333000,0.9766826,12.873281,467.8519518375397,467.8519518375397,588.0,1.0
334000,1.2996411,32.867233,468.1980526447296,468.1980526447296,518.5,1.0
335000,1.7801958,13.192853,1086.700668811798,1086.700668811798,320.5,1.0
336000,1.6466678,13.686883,710.0932988325754,710.0932988325754,467.3333333333333,1.0
337000,0.6205836,-32.349968,-57.806028604507446,-57.806028604507446,999.0,1.0
338000,0.48488984,-1.1803482,-150.15927934646606,-150.15927934646606,999.0,1.0
339000,1.6326572,11.344478,-131.68813371658325,-131.68813371658325,999.0,1.0
340000,0.42584822,-13.120322,679.1870574951172,679.1870574951172,347.6666666666667,1.0
341000,0.30072936,11.6765375,-92.95941007137299,-92.95941007137299,514.5,1.0
342000,0.35321915,-2.873877,1086.843994140625,1086.843994140625,999.0,1.0
343000,0.6072308,-16.712261,-79.21633958816528,-79.21633958816528,999.0,1.0
344000,0.558011,2.3856897,700.7930374145508,700.7930374145508,53.5,1.0
345000,1.3249887,4.1240654,563.8344502449036,563.8344502449036,537.0,1.0
346000,0.9316451,-8.750797,-99.19796252250671,-99.19796252250671,999.0,1.0
347000,1.0049086,34.23751,-142.44697523117065,-142.44697523117065,999.0,1.0
348000,0.7276412,-0.89260864,-117.29696798324585,-117.29696798324585,999.0,1.0
349000,1.4189614,1.2784338,-133.91446900367737,-133.91446900367737,999.0,1.0
350000,0.87053025,-4.3376713,-86.00886154174805,-86.00886154174805,999.0,1.0
351000,1.8379712,26.056007,405.47836923599243,405.47836923599243,556.5,1.0
352000,1.6981449,26.962166,-104.76475071907043,-104.76475071907043,999.0,1.0
353000,0.83602554,1.5937526,-16.688295364379883,-16.688295364379883,999.0,1.0
354000,1.4159849,6.627416,510.9379585981369,510.9379585981369,519.5,1.0
355000,1.7714158,12.224343,519.3147574663162,519.3147574663162,514.5,1.0
356000,1.6375612,14.180506,-109.1816053390503,-109.1816053390503,999.0,1.0
357000,1.624643,17.653202,785.2078490257263,785.2078490257263,357.25,1.0
358000,0.3784036,-7.7701488,1040.781093597412,1040.781093597412,127.0,1.0
359000,1.3907925,15.2420225,793.0751045942307,793.0751045942307,299.5,1.0
360000,1.4441446,16.148243,-148.762629032135,-148.762629032135,999.0,1.0
361000,0.5820126,2.9433358,-116.04863739013672,-116.04863739013672,999.0,1.0
362000,1.35168,8.727172,670.8789814313253,670.8789814313253,415.6666666666667,1.0
363000,1.7162082,16.168755,-55.34217357635498,-55.34217357635498,999.0,1.0
364000,1.15937,7.591456,746.8129789034525,746.8129789034525,372.6666666666667,1.0
365000,0.88347375,-11.65245,440.3093209862709,440.3093209862709,529.0,1.0
366000,1.0393598,6.7695885,-89.59611225128174,-89.59611225128174,999.0,1.0
367000,1.0423673,10.669396,506.02886748313904,506.02886748313904,525.5,1.0
368000,1.0368927,7.1882944,-227.49385023117065,-227.49385023117065,999.0,1.0
369000,1.2939756,10.742099,-34.47024393081665,-34.47024393081665,999.0,1.0
370000,0.593223,-20.903736,-92.25214719772339,-92.25214719772339,999.0,1.0
371000,0.8506146,-24.928326,-75.35008668899536,-75.35008668899536,999.0,1.0
372000,1.4956586,14.400011,603.0718656380972,603.0718656380972,344.0,1.0
373000,0.6039171,-0.19368315,-79.66185736656189,-79.66185736656189,617.5,1.0
374000,0.66147363,-13.525021,1120.7146697044373,1120.7146697044373,232.0,1.0
375000,0.56677806,-20.086632,-43.18052625656128,-43.18052625656128,999.0,1.0
376000,1.4102553,8.2138815,465.7185080051422,465.7185080051422,523.5,1.0
377000,1.6193403,10.855109,-40.202937602996826,-40.202937602996826,999.0,1.0
378000,1.753065,12.030395,-126.70156383514404,-126.70156383514404,999.0,1.0
379000,0.95960534,8.658125,447.97149419784546,447.97149419784546,580.0,1.0
380000,1.1718326,5.833666,-154.7524495124817,-154.7524495124817,999.0,1.0
381000,1.7515818,16.13339,-150.83127403259277,-150.83127403259277,999.0,1.0
382000,1.6974605,10.911838,-147.12232112884521,-147.12232112884521,999.0,1.0
383000,1.716742,12.316641,-103.1326789855957,-103.1326789855957,999.0,1.0
384000,1.0537676,-8.763555,-153.9426383972168,-153.9426383972168,999.0,1.0
385000,1.204211,-3.669811,-115.3253026008606,-115.3253026008606,999.0,1.0
386000,1.5528765,23.102285,830.4817127227783,830.4817127227783,278.0,1.0
387000,1.1926025,20.91933,25.512131690979004,25.512131690979004,999.0,1.0
388000,0.34385717,-23.126904,-55.12628650665283,-55.12628650665283,999.0,1.0
389000,0.44587857,-26.850632,42.36817741394043,42.36817741394043,999.0,1.0
390000,0.30950534,-22.70864,1053.779878616333,1053.779878616333,571.0,1.0
391000,0.4197482,-33.370007,537.5005671977997,537.5005671977997,55.0,1.0
392000,1.7006568,7.873957,34.53828263282776,34.53828263282776,999.0,1.0
393000,1.611736,23.342663,666.3581132888794,666.3581132888794,370.0,1.0
394000,0.609179,-4.6718636,-37.62687063217163,-37.62687063217163,999.0,1.0
395000,1.532113,9.395058,635.4922359784445,635.4922359784445,441.6666666666667,1.0
396000,1.8557844,19.905426,491.5920798778534,491.5920798778534,509.5,1.0
397000,1.0803797,7.6837635,499.6939203739166,499.6939203739166,530.5,1.0
398000,0.8281689,0.90467095,673.604918162028,673.604918162028,352.0,1.0
399000,1.6768241,17.827003,489.709047973156,489.709047973156,453.6666666666667,1.0
400000,1.6598902,25.799679,1095.8154296875,1095.8154296875,999.0,1.0
401000,1.3279021,26.769518,-110.27379703521729,-110.27379703521729,999.0,1.0
402000,1.8178469,54.908283,-100.24294137954712,-100.24294137954712,999.0,1.0
403000,0.4053578,14.467999,436.7257914543152,436.7257914543152,28.0,1.0
404000,0.43118796,14.900945,-180.43056178092957,-180.43056178092957,999.0,1.0
405000,0.24276207,-7.916317,-218.9881649017334,-218.9881649017334,999.0,1.0
406000,0.31796163,-24.145233,-132.4417757987976,-132.4417757987976,999.0,1.0
407000,1.7202148,9.460323,-62.63112473487854,-62.63112473487854,999.0,1.0
408000,0.49246493,2.6758225,-67.88773441314697,-67.88773441314697,999.0,1.0
409000,1.6637981,7.8693504,-237.07619953155518,-237.07619953155518,999.0,1.0
410000,0.3152694,1.1202501,-144.75660872459412,-144.75660872459412,999.0,1.0
411000,1.5995998,12.01941,505.3320481777191,505.3320481777191,542.0,1.0
412000,1.6780174,14.144108,-61.362045764923096,-61.362045764923096,999.0,1.0
413000,0.6821002,-12.727683,-176.8397674560547,-176.8397674560547,999.0,1.0
414000,0.34561896,-8.913568,-153.51624584197998,-153.51624584197998,999.0,1.0
415000,1.4933391,5.10547,-111.56968355178833,-111.56968355178833,999.0,1.0
416000,0.6343213,-16.145044,-59.789846420288086,-59.789846420288086,999.0,1.0
417000,0.5825131,-25.099632,456.76314663887024,456.76314663887024,511.5,1.0
418000,1.2681144,1.1041265,725.917209148407,725.917209148407,507.6666666666667,1.0
419000,0.81039864,-2.7202127,447.3399477005005,447.3399477005005,643.0,1.0
420000,0.3692528,5.524562,-149.17335438728333,-149.17335438728333,999.0,1.0
421000,0.7450188,-17.699398,1019.1248540878296,1019.1248540878296,231.0,1.0
422000,1.4663748,11.055858,-58.73272615671158,-58.73272615671158,999.0,1.0
423000,1.7776337,18.024603,526.7190728187561,526.7190728187561,517.5,1.0
424000,1.3622295,22.07353,794.4239829480648,794.4239829480648,402.0,1.0
425000,0.46063703,11.017406,-147.59204053878784,-147.59204053878784,999.0,1.0
426000,1.2278093,26.668814,687.5065910021464,687.5065910021464,343.0,1.0
427000,0.49904314,0.01597455,411.6667113304138,411.6667113304138,508.0,1.0
428000,0.3266114,7.6472635,469.13780522346497,469.13780522346497,518.5,1.0
429000,0.579514,37.44907,1165.194429397583,1165.194429397583,196.0,1.0
430000,1.5119894,19.094303,-72.44083309173584,-72.44083309173584,999.0,1.0
431000,0.9865455,1.9411713,679.1047711372375,679.1047711372375,460.3333333333333,1.0
432000,0.3624447,-23.276768,484.20006585121155,484.20006585121155,500.0,1.0
433000,0.3155632,-10.360664,498.51924562454224,498.51924562454224,519.0,1.0
434000,0.56470966,12.82629,674.9490423202515,674.9490423202515,386.6666666666667,1.0
435000,0.907728,23.90171,-191.67400240898132,-191.67400240898132,999.0,1.0
436000,1.5713748,11.7550955,0.6613926887512207,0.6613926887512207,999.0,1.0
437000,1.3457927,17.860626,442.08076763153076,442.08076763153076,515.5,1.0
438000,0.64334124,-9.0743,-0.06660246849060059,-0.06660246849060059,999.0,1.0
439000,1.3883542,23.680534,996.0682373046875,996.0682373046875,279.0,1.0
440000,0.3588092,19.7137,-36.37053442001343,-36.37053442001343,999.0,1.0
441000,1.701481,14.74791,-168.9658236503601,-168.9658236503601,999.0,1.0
442000,0.70619065,-24.783676,-152.3426160812378,-152.3426160812378,999.0,1.0
443000,0.312719,-19.54816,547.5255208015442,547.5255208015442,519.5,1.0
444000,1.6355838,6.1281834,-16.890037059783936,-16.890037059783936,999.0,1.0
445000,0.5752474,47.714066,858.4035312652588,858.4035312652588,246.2,1.0
446000,1.1918117,28.688251,-150.41461825370789,-150.41461825370789,999.0,1.0
447000,1.4587206,18.113758,-76.7881441116333,-76.7881441116333,999.0,1.0
448000,1.4379528,25.09324,669.42076587677,669.42076587677,373.6666666666667,1.0
449000,0.8554985,28.875475,644.7687629063925,644.7687629063925,377.3333333333333,1.0
450000,0.40644088,17.003368,439.616268157959,439.616268157959,511.0,1.0
451000,0.9979868,-0.91225755,548.4986469745636,548.4986469745636,522.0,1.0
452000,1.3422581,23.481113,-145.10813570022583,-145.10813570022583,999.0,1.0
453000,0.82542074,15.386857,-198.80222463607788,-198.80222463607788,999.0,1.0
454000,1.3249291,16.867014,535.0698766708374,535.0698766708374,539.5,1.0
455000,0.86647624,6.32054,-153.36719965934753,-153.36719965934753,999.0,1.0
456000,0.1894085,15.067377,541.1101188659668,541.1101188659668,530.0,1.0
457000,0.51121384,51.69737,-161.48411083221436,-161.48411083221436,999.0,1.0
458000,1.5492766,25.823809,988.2194194793701,988.2194194793701,438.0,1.0
459000,1.4809645,20.031754,520.0522408485413,520.0522408485413,523.0,1.0
460000,1.3337569,28.1694,-126.08662700653076,-126.08662700653076,999.0,1.0
461000,0.5799303,30.043663,5.551244735717773,5.551244735717773,999.0,1.0
462000,0.20263198,35.455757,498.4511249065399,498.4511249065399,526.0,1.0
463000,0.42376763,12.180578,430.9959827661514,430.9959827661514,517.0,1.0
464000,0.2934963,-8.364834,-205.29763340950012,-205.29763340950012,999.0,1.0
465000,0.6299577,18.106062,861.0058521270752,861.0058521270752,292.0,1.0
466000,0.17780297,19.351315,685.8429884910583,685.8429884910583,352.6666666666667,1.0
467000,0.42656374,10.924513,-92.07345938682556,-92.07345938682556,999.0,1.0
468000,0.29443315,32.132507,-157.43011617660522,-157.43011617660522,999.0,1.0
469000,1.2630296,32.289032,-67.89835453033447,-67.89835453033447,999.0,1.0
470000,0.5223267,-23.129393,469.9983992576599,469.9983992576599,537.0,1.0
471000,1.1065772,24.793743,-158.62691450119019,-158.62691450119019,999.0,1.0
472000,0.22383152,6.548831,-139.99506378173828,-139.99506378173828,999.0,1.0
473000,1.140648,32.8715,1025.4000797271729,1025.4000797271729,714.0,1.0
474000,0.6417445,4.0538025,671.3777331511179,671.3777331511179,398.6666666666667,1.0
475000,1.3568689,36.87287,1093.1166547139485,1093.1166547139485,138.5,1.0
476000,1.4392978,21.10893,-99.4730896949768,-99.4730896949768,999.0,1.0
477000,1.2159427,9.514082,449.64100325107574,449.64100325107574,513.5,1.0
478000,0.57558054,0.8317654,-115.99197196960449,-115.99197196960449,999.0,1.0
479000,0.27645242,73.293274,1011.5125470161438,1011.5125470161438,370.0,1.0
480000,1.2184511,42.147053,9.459938526153564,9.459938526153564,999.0,1.0
481000,0.37677625,14.970085,508.2891435623169,508.2891435623169,514.5,1.0
482000,0.23865616,-12.530543,-126.46041536331177,-126.46041536331177,999.0,1.0
483000,0.34419784,-12.858568,488.97162103652954,488.97162103652954,504.5,1.0
484000,0.44865352,6.562387,474.6376210451126,474.6376210451126,530.5,1.0
485000,0.4788313,1.9415839,-104.45496606826782,-104.45496606826782,999.0,1.0
486000,0.25284356,-2.687236,-238.76988053321838,-238.76988053321838,999.0,1.0
487000,0.5611785,-9.999837,-52.90807366371155,-52.90807366371155,999.0,1.0
488000,0.45238292,-16.572416,428.1717549562454,428.1717549562454,507.5,1.0
489000,0.18658035,7.1650114,-100.22651433944702,-100.22651433944702,999.0,1.0
490000,1.0976084,18.348307,441.331346988678,441.331346988678,546.0,1.0
491000,0.7327671,-13.084138,2.6911306381225586,2.6911306381225586,999.0,1.0
492000,1.2042501,4.7127676,-66.41971969604492,-66.41971969604492,999.0,1.0
493000,0.6828908,-12.719709,-143.80233573913574,-143.80233573913574,999.0,1.0
494000,0.2990759,-30.060041,-64.80734777450562,-64.80734777450562,999.0,1.0
495000,0.27927834,-13.2572,-94.32602024078369,-94.32602024078369,999.0,1.0
496000,0.517336,2.4775417,404.4375042915344,404.4375042915344,565.0,1.0
497000,0.7091489,8.525822,439.7486983537674,439.7486983537674,662.5,1.0
498000,0.4608179,1.9274182,-38.98763585090637,-38.98763585090637,999.0,1.0
499000,1.6812716,54.09014,970.7729949951172,970.7729949951172,498.0,1.0
500000,0.8702298,21.686394,670.1919809977213,670.1919809977213,352.6666666666667,1.0
501000,1.0266448,17.068054,-172.37731218338013,-172.37731218338013,999.0,1.0
502000,0.6358706,18.585464,-0.6658763885498047,-0.6658763885498047,999.0,1.0
503000,0.20951177,-10.880337,-177.3120083808899,-177.3120083808899,999.0,1.0
504000,0.33036223,-2.8416548,692.2624457677206,692.2624457677206,369.3333333333333,1.0
505000,0.8926248,15.999905,-22.5342755317688,-22.5342755317688,999.0,1.0
506000,1.3377225,35.8154,-19.983989715576172,-19.983989715576172,999.0,1.0
507000,0.89189965,23.331715,693.9030373891195,693.9030373891195,389.0,1.0
508000,0.26152104,-4.8892965,-85.17054462432861,-85.17054462432861,999.0,1.0
509000,0.14993738,12.838501,-159.09487533569336,-159.09487533569336,999.0,1.0
510000,0.72414625,19.431694,-129.28865385055542,-129.28865385055542,999.0,1.0
511000,1.232619,5.3813896,-14.280975341796875,-14.280975341796875,999.0,1.0
512000,0.35917562,-10.006151,436.88084650039673,436.88084650039673,507.5,1.0
513000,0.20937243,-18.761698,5.881073474884033,5.881073474884033,999.0,1.0
514000,0.2702383,-18.760107,-141.32340717315674,-141.32340717315674,999.0,1.0
515000,0.86841446,2.2126932,-82.94810056686401,-82.94810056686401,999.0,1.0
516000,1.3536913,39.77735,-191.3066635131836,-191.3066635131836,999.0,1.0
517000,0.3285747,-11.549402,-110.86842584609985,-110.86842584609985,999.0,1.0
518000,0.7772818,-17.457588,-14.449456691741943,-14.449456691741943,999.0,1.0
519000,1.0679204,20.970486,-92.20574378967285,-92.20574378967285,999.0,1.0
520000,0.37987947,7.298174,712.8422045707703,712.8422045707703,387.6666666666667,1.0
521000,0.3641358,19.06062,630.938554684321,630.938554684321,345.3333333333333,1.0
522000,1.0916394,44.614227,669.5957187016805,669.5957187016805,349.3333333333333,1.0
523000,0.43238658,20.876234,-139.2313199043274,-139.2313199043274,999.0,1.0
524000,1.3695406,35.917572,1064.8117558956146,1064.8117558956146,195.25,1.0
525000,1.497625,19.959503,-100.30320405960083,-100.30320405960083,999.0,1.0
526000,0.8767288,4.3686867,519.7505207061768,519.7505207061768,516.5,1.0
527000,0.25071898,-13.723713,474.1963095664978,474.1963095664978,508.0,1.0
528000,0.27338624,-8.863268,-187.63633131980896,-187.63633131980896,999.0,1.0
529000,0.64354026,-9.233303,418.0560405254364,418.0560405254364,507.5,1.0
530000,1.2774432,14.620446,10.085205078125,10.085205078125,999.0,1.0
531000,1.3769807,38.92805,-97.93685340881348,-97.93685340881348,999.0,1.0
532000,1.1737837,27.201225,-132.8730149269104,-132.8730149269104,999.0,1.0
533000,0.20743741,11.527033,-140.71545553207397,-140.71545553207397,999.0,1.0
534000,0.56695825,13.462325,674.8205118179321,674.8205118179321,351.6666666666667,1.0
535000,1.5372199,29.76589,-200.53931999206543,-200.53931999206543,999.0,1.0
536000,1.3470453,11.691352,-97.13688850402832,-97.13688850402832,999.0,1.0
537000,0.6297141,-14.161849,468.53664898872375,468.53664898872375,501.5,1.0
538000,1.3141698,35.962486,674.9019645055135,674.9019645055135,354.3333333333333,1.0
539000,1.1369145,27.842606,-187.5881266593933,-187.5881266593933,999.0,1.0
540000,1.4463352,29.00438,511.13924074172974,511.13924074172974,533.5,1.0
541000,1.4079776,33.793045,29.71852397918701,29.71852397918701,999.0,1.0
542000,1.3845738,26.71629,974.4616932868958,974.4616932868958,658.0,1.0
543000,0.8534808,16.33563,3.797114372253418,3.797114372253418,999.0,1.0
544000,0.18618506,-26.324814,-64.58806276321411,-64.58806276321411,999.0,1.0
545000,0.18916188,3.871851,-94.19974708557129,-94.19974708557129,999.0,1.0
546000,0.69611734,56.750557,851.5410118103027,851.5410118103027,304.25,1.0
547000,1.4257528,16.43462,515.97190284729,515.97190284729,552.5,1.0
548000,0.32333207,35.185555,405.09807574748993,405.09807574748993,355.0,1.0
549000,0.37758034,0.87186575,1136.7962646484375,1136.7962646484375,999.0,1.0
550000,0.06603392,67.014465,468.4265847206116,468.4265847206116,72.0,1.0
551000,0.08640119,74.173325,510.86819541454315,510.86819541454315,533.5,1.0
552000,0.2514169,-4.5657425,-161.9122610092163,-161.9122610092163,999.0,1.0
553000,0.15341085,-8.771265,-112.92712712287903,-112.92712712287903,999.0,1.0
554000,0.80791795,38.667107,833.1857000986735,833.1857000986735,265.3333333333333,1.0
555000,0.46106234,35.23368,-141.3373463153839,-141.3373463153839,999.0,1.0
556000,1.3143688,17.417963,-16.175504684448242,-16.175504684448242,999.0,1.0
557000,1.12236,9.503535,473.18401050567627,473.18401050567627,509.5,1.0
558000,0.4812948,-17.561628,12.546641826629639,12.546641826629639,999.0,1.0
559000,1.5739213,32.129517,970.984977722168,970.984977722168,782.0,1.0
560000,1.338179,10.213128,-6.699790954589844,-6.699790954589844,999.0,1.0
561000,0.75008816,-9.329934,-231.49200630187988,-231.49200630187988,999.0,1.0
562000,1.0348752,6.16326,455.9123773574829,455.9123773574829,502.5,1.0
563000,0.8500688,-2.2568579,1119.361402273178,1119.361402273178,386.5,1.0
564000,1.1981903,8.66635,726.9629661242167,726.9629661242167,495.3333333333333,1.0
565000,1.2870929,37.10733,1028.5945453643799,1028.5945453643799,258.0,1.0
566000,1.3417727,44.459373,-8.85765552520752,-8.85765552520752,999.0,1.0
567000,0.14552408,16.493277,-53.11836528778076,-53.11836528778076,999.0,1.0
568000,0.3841668,-18.39265,471.0972168445587,471.0972168445587,514.0,1.0
569000,1.264286,32.95401,-141.97749829292297,-141.97749829292297,999.0,1.0
570000,0.5628294,-4.113109,436.3532438278198,436.3532438278198,500.0,1.0
571000,1.3537585,33.777637,741.0977444648743,741.0977444648743,398.0,1.0
572000,1.4256899,34.994694,-147.8426113128662,-147.8426113128662,999.0,1.0
573000,0.55209047,62.87194,1045.1766617298126,1045.1766617298126,245.5,1.0
574000,0.22469357,27.987488,481.03613543510437,481.03613543510437,524.5,1.0
575000,0.21857241,19.544394,459.592991232872,459.592991232872,531.5,1.0
576000,0.164303,4.493492,-118.5788221359253,-118.5788221359253,999.0,1.0
577000,1.0697541,26.799652,786.5459467172623,786.5459467172623,340.25,1.0
578000,0.666777,-11.323306,1007.2342338562012,1007.2342338562012,508.0,1.0
579000,0.8997038,-9.125046,-65.8581155538559,-65.8581155538559,999.0,1.0
580000,0.62162745,-25.425396,-204.65209913253784,-204.65209913253784,999.0,1.0
581000,0.42059356,-25.539862,579.6741750240326,579.6741750240326,562.0,1.0
582000,0.55208564,-1.7917452,523.3518466949463,523.3518466949463,515.5,1.0
583000,0.5180136,2.9283733,-202.28254747390747,-202.28254747390747,999.0,1.0
584000,0.947856,20.609276,466.65326154232025,466.65326154232025,524.5,1.0
585000,1.2783029,33.61129,-159.3810634613037,-159.3810634613037,999.0,1.0
586000,0.9603213,14.100137,532.8164660930634,532.8164660930634,618.5,1.0
587000,0.5180752,-26.302446,477.7053031921387,477.7053031921387,503.0,1.0
588000,0.95517045,-1.8919587,438.69991278648376,438.69991278648376,588.5,1.0
589000,0.3044612,-38.29053,-139.64068579673767,-139.64068579673767,999.0,1.0
590000,0.3331186,-16.18498,-190.59001302719116,-190.59001302719116,999.0,1.0
591000,0.50577396,-20.84243,509.3741364479065,509.3741364479065,530.5,1.0
592000,1.3412406,40.804405,-149.3830065727234,-149.3830065727234,999.0,1.0
593000,0.4570721,17.201822,1027.4495015144348,1027.4495015144348,154.5,1.0
594000,1.180693,17.2515,490.53210830688477,490.53210830688477,535.0,1.0
595000,1.2549733,40.74434,813.824028301239,813.824028301239,325.2,1.0
596000,0.87863964,-20.494785,-79.54556453227997,-79.54556453227997,999.0,1.0
597000,1.339489,37.911724,1057.2588979403179,1057.2588979403179,105.33333333333333,1.0
598000,0.49890924,-7.6939034,-146.55390548706055,-146.55390548706055,999.0,1.0
599000,0.8943716,7.186612,486.4371829032898,486.4371829032898,514.5,1.0
600000,1.4578724,17.606148,557.0703630447388,557.0703630447388,849.0,1.0
601000,1.3924092,18.129398,-194.64197206497192,-194.64197206497192,999.0,1.0
602000,0.13672867,-14.119776,-13.164844036102295,-13.164844036102295,999.0,1.0
603000,0.25535956,0.5160856,-189.08612966537476,-189.08612966537476,999.0,1.0
604000,1.5481694,17.662174,-78.13791084289551,-78.13791084289551,999.0,1.0
605000,1.372219,22.038155,1044.494306564331,1044.494306564331,925.0,1.0
606000,0.38314533,-5.016143,619.7985598246256,619.7985598246256,355.0,1.0
607000,0.3457545,-30.242687,-130.43099761009216,-130.43099761009216,525.5,1.0
608000,1.196968,53.177467,1117.3639806747437,1117.3639806747437,92.75,1.0
609000,1.457869,51.252304,598.9470465183258,598.9470465183258,530.5,1.0
610000,1.0337298,13.29025,467.86931252479553,467.86931252479553,527.0,1.0
611000,1.0650293,-10.103086,3.3732094764709473,3.3732094764709473,999.0,1.0
612000,1.4661268,35.960518,-156.25972652435303,-156.25972652435303,999.0,1.0
613000,0.5792369,10.345857,1005.6083426475525,1005.6083426475525,441.5,1.0
614000,0.48383424,-24.368233,-42.94060218334198,-42.94060218334198,999.0,1.0
615000,1.1367428,16.724094,-114.00193643569946,-114.00193643569946,999.0,1.0
616000,1.3821534,43.409306,803.1043801307678,803.1043801307678,283.75,1.0
617000,1.6424052,37.962875,-83.40203475952148,-83.40203475952148,999.0,1.0
618000,1.644237,33.293217,-23.561132431030273,-23.561132431030273,999.0,1.0
619000,0.85757345,34.48931,-132.78156089782715,-132.78156089782715,999.0,1.0
620000,0.56554204,42.338493,659.0095631281534,659.0095631281534,353.6666666666667,1.0
621000,0.6726196,63.12773,-103.00362825393677,-103.00362825393677,999.0,1.0
622000,0.43623993,72.956665,26.615079879760742,26.615079879760742,999.0,1.0
623000,0.50555974,27.172821,-157.52128863334656,-157.52128863334656,999.0,1.0
624000,0.7865491,8.103135,651.8403927485148,651.8403927485148,446.0,1.0
625000,0.1957706,4.564823,-169.6019184589386,-169.6019184589386,999.0,1.0
626000,0.22513878,-22.658688,33.03504991531372,33.03504991531372,999.0,1.0
627000,1.1319267,13.055773,-6.053144454956055,-6.053144454956055,527.5,1.0
628000,0.6175876,16.307568,1159.018798828125,1159.018798828125,999.0,1.0
629000,0.19379172,-26.824215,-159.8737211227417,-159.8737211227417,999.0,1.0
630000,1.4038745,47.536877,687.8528660138448,687.8528660138448,397.0,1.0
631000,1.3734839,47.920433,993.5676383972168,993.5676383972168,383.5,1.0
632000,1.5098585,31.392097,1037.5475753148396,1037.5475753148396,226.66666666666666,1.0
633000,1.4603721,20.892982,-86.40663433074951,-86.40663433074951,999.0,1.0
634000,0.54110634,66.91141,-89.87715911865234,-89.87715911865234,999.0,1.0
635000,0.3314474,23.861166,590.7731511592865,590.7731511592865,573.0,1.0
636000,0.1253418,-11.366529,504.46342039108276,504.46342039108276,502.5,1.0
637000,0.14951602,-14.754057,-15.03222942352295,-15.03222942352295,999.0,1.0
638000,0.19325772,18.478533,451.9259226322174,451.9259226322174,513.5,1.0
639000,1.1390889,49.04905,-79.7954740524292,-79.7954740524292,999.0,1.0
640000,1.5296409,55.032818,879.5057113965353,879.5057113965353,242.83333333333334,1.0
641000,1.3358936,39.07878,-55.62236499786377,-55.62236499786377,999.0,1.0
642000,1.3219706,22.878391,-155.74535822868347,-155.74535822868347,999.0,1.0
643000,0.15741876,-17.956402,521.6944031715393,521.6944031715393,521.5,1.0
644000,0.37517977,3.7023554,-134.69148755073547,-134.69148755073547,999.0,1.0
645000,1.403154,21.527824,1023.314151763916,1023.314151763916,166.0,1.0
646000,1.4232298,18.190567,-110.00067234039307,-110.00067234039307,999.0,1.0
647000,0.31434152,15.709743,745.4430363178253,745.4430363178253,262.25,1.0
648000,0.4654553,-1.1177549,-81.92349672317505,-81.92349672317505,999.0,1.0
649000,0.3033151,-21.279526,-247.18085098266602,-247.18085098266602,999.0,1.0
650000,0.367736,17.54686,463.3186411857605,463.3186411857605,600.0,1.0
651000,0.12548424,48.297916,790.1913455486298,790.1913455486298,212.0,1.0
652000,0.09274437,35.352333,698.6503574053446,698.6503574053446,358.0,1.0
653000,0.72130775,3.0026238,-71.09976625442505,-71.09976625442505,999.0,1.0
654000,1.0691628,31.219044,1057.111257314682,1057.111257314682,314.0,1.0
655000,0.8135144,0.02795343,438.12137365341187,438.12137365341187,512.0,1.0
656000,0.5866126,47.574722,1031.697308063507,1031.697308063507,317.5,1.0
657000,0.90986764,29.466225,-144.6215581893921,-144.6215581893921,999.0,1.0
658000,0.5186224,2.7881699,995.8353247642517,995.8353247642517,909.0,1.0
659000,0.13914278,-11.958698,-99.1629524230957,-99.1629524230957,999.0,1.0
660000,0.9872723,18.101328,792.8996027112007,792.8996027112007,393.5,1.0
661000,1.1766804,22.612709,437.3898596763611,437.3898596763611,512.0,1.0
662000,0.40049723,-2.0956087,633.5037557284037,633.5037557284037,343.6666666666667,1.0
663000,1.327499,34.99787,-52.65382194519043,-52.65382194519043,519.5,1.0
664000,0.08462996,62.22056,1036.95751953125,1036.95751953125,999.0,1.0
665000,0.681032,29.853897,438.13993322849274,438.13993322849274,86.0,1.0
666000,0.14530718,15.588649,-59.924503803253174,-59.924503803253174,999.0,1.0
667000,0.7777541,52.136562,-41.121785163879395,-41.121785163879395,999.0,1.0
668000,0.6598529,63.973785,475.8368947505951,475.8368947505951,522.0,1.0
669000,1.2638686,41.70411,445.98860216140747,445.98860216140747,501.5,1.0
670000,0.39133683,-3.0660372,-98.16630125045776,-98.16630125045776,999.0,1.0
671000,1.3415307,22.228735,-190.0723478794098,-190.0723478794098,999.0,1.0
672000,1.1118602,34.46245,739.3238620758057,739.3238620758057,409.0,1.0
673000,0.57543427,-1.566762,511.9911210536957,511.9911210536957,514.5,1.0
674000,0.34812474,-13.154186,-93.46955251693726,-93.46955251693726,999.0,1.0
675000,0.20379624,10.436192,-150.79118585586548,-150.79118585586548,999.0,1.0
676000,0.39478365,-6.329891,682.202098608017,682.202098608017,351.0,1.0
677000,1.3061477,50.517677,1011.0951752662659,1011.0951752662659,392.5,1.0
678000,1.3048258,31.75953,-129.31440258026123,-129.31440258026123,999.0,1.0
679000,1.3184006,43.03833,706.4169615109762,706.4169615109762,402.0,1.0
680000,1.4018028,16.822424,522.3564157485962,522.3564157485962,548.5,1.0
681000,1.3445004,35.541565,1031.8507738113403,1031.8507738113403,204.5,1.0
682000,0.81969434,3.096081,-146.94051885604858,-146.94051885604858,999.0,1.0
683000,0.2519833,-6.0941124,-134.57665300369263,-134.57665300369263,999.0,1.0
684000,0.8427739,7.645425,-5.312299728393555,-5.312299728393555,999.0,1.0
685000,0.49476826,16.288832,-23.74537467956543,-23.74537467956543,999.0,1.0
686000,0.8926792,32.042156,761.5839425325394,761.5839425325394,389.5,1.0
687000,0.23786634,-26.806643,475.98094940185547,475.98094940185547,349.0,1.0
688000,0.4140084,15.846087,1041.139668782552,1041.139668782552,30.0,1.0
689000,0.13472396,-16.832222,-133.90410256385803,-133.90410256385803,999.0,1.0
690000,1.0346007,29.967537,789.4949069023132,789.4949069023132,395.5,1.0
691000,1.1611757,24.252438,-140.2261357307434,-140.2261357307434,999.0,1.0
692000,0.5504492,16.72057,1046.583830833435,1046.583830833435,320.0,1.0
693000,0.24023548,-25.96106,-101.4356575012207,-101.4356575012207,999.0,1.0
694000,0.5883737,14.497525,713.6723608970642,713.6723608970642,464.6666666666667,1.0
695000,0.2353205,0.8425802,-17.220491886138916,-17.220491886138916,999.0,1.0
696000,0.78301084,8.20768,497.5317895412445,497.5317895412445,534.0,1.0
697000,0.72831184,17.215002,1039.8199659585953,1039.8199659585953,161.25,1.0
698000,0.98735774,-7.4236617,-13.2053861618042,-13.2053861618042,999.0,1.0
699000,0.58811224,9.762442,497.41194128990173,497.41194128990173,531.0,1.0
700000,0.19462736,26.213133,795.7774006128311,795.7774006128311,275.0,1.0
701000,0.5561996,47.884777,502.28870582580566,502.28870582580566,529.5,1.0
702000,1.0574702,38.289303,433.826575756073,433.826575756073,591.0,1.0
703000,0.42864984,-26.480453,46.69759559631348,46.69759559631348,999.0,1.0
704000,1.1490331,11.5853405,1110.5332260131836,1110.5332260131836,567.0,1.0
705000,0.62450325,7.3160143,428.3829847574234,428.3829847574234,504.5,1.0
706000,0.19254766,4.0149627,-194.69541954994202,-194.69541954994202,999.0,1.0
707000,0.8095553,42.0209,795.3869298696518,795.3869298696518,276.75,1.0
708000,0.6982303,42.870113,-138.84220457077026,-138.84220457077026,999.0,1.0
709000,0.5258552,35.60299,512.1308143138885,512.1308143138885,676.0,1.0
710000,0.3315948,-14.229042,-64.50124859809875,-64.50124859809875,999.0,1.0
711000,1.0466472,20.517822,-137.39781951904297,-137.39781951904297,999.0,1.0
712000,0.28826326,-6.4397464,452.58156061172485,452.58156061172485,548.0,1.0
713000,0.48790488,-7.579954,412.9688044786453,412.9688044786453,506.0,1.0
714000,0.4459094,-2.8306856,-224.28226613998413,-224.28226613998413,999.0,1.0
715000,0.31894782,-23.244091,532.3569433689117,532.3569433689117,341.0,1.0
716000,0.08255028,71.577194,1042.061767578125,1042.061767578125,999.0,1.0
717000,0.93488646,52.920177,823.4901328086853,823.4901328086853,111.5,1.0
718000,1.0030118,50.988075,786.2177187442779,786.2177187442779,307.8,1.0
719000,0.84142697,22.83845,1103.987361907959,1103.987361907959,100.0,1.0
720000,1.2920746,52.206314,-119.68432235717773,-119.68432235717773,999.0,1.0
721000,1.2904975,36.040207,679.720560391744,679.720560391744,354.3333333333333,1.0
722000,0.4343427,5.9457083,731.4373534520468,731.4373534520468,368.0,1.0
723000,0.87673056,-15.717234,-152.73635363578796,-152.73635363578796,999.0,1.0
724000,0.38015905,12.68632,429.84619772434235,429.84619772434235,507.0,1.0
725000,1.2945089,34.488323,533.1249413490295,533.1249413490295,533.0,1.0
726000,1.6761776,39.426987,-134.51988983154297,-134.51988983154297,999.0,1.0
727000,1.4239619,46.927364,727.727705001831,727.727705001831,456.6666666666667,1.0
728000,1.1724836,46.88051,1086.8190014362335,1086.8190014362335,287.75,1.0
729000,0.39170408,-4.3596263,466.2066009044647,466.2066009044647,511.5,1.0
730000,0.11903857,48.10336,-137.43181991577148,-137.43181991577148,999.0,1.0
731000,0.17640524,-7.793289,-102.99736785888672,-102.99736785888672,999.0,1.0
732000,0.5528869,-0.16148043,-151.2576184272766,-151.2576184272766,560.5,1.0
733000,1.4181441,24.41153,1104.7093963623047,1104.7093963623047,999.0,1.0
734000,0.141087,-7.339426,-127.56283473968506,-127.56283473968506,999.0,1.0
735000,0.532995,-22.224224,-43.51785898208618,-43.51785898208618,999.0,1.0
736000,1.6083065,70.092224,767.452775478363,767.452775478363,62.666666666666664,1.0
737000,1.4079493,61.561565,472.75776195526123,472.75776195526123,511.0,1.0
738000,0.46651807,32.721985,-81.13096618652344,-81.13096618652344,999.0,1.0
739000,0.987519,24.994165,469.4521486759186,469.4521486759186,519.5,1.0
740000,0.47407117,-10.927752,502.3608114719391,502.3608114719391,517.5,1.0
741000,1.0013354,-1.0460894,-0.8230514526367188,-0.8230514526367188,999.0,1.0
742000,0.9998685,32.16386,628.569430510203,628.569430510203,447.3333333333333,1.0
743000,0.39818025,5.225927,562.4073503017426,562.4073503017426,526.0,1.0
744000,0.6418368,40.4141,-177.55171632766724,-177.55171632766724,999.0,1.0
745000,1.4112641,35.361996,-85.02857780456543,-85.02857780456543,999.0,1.0
746000,0.3459821,-9.217809,1035.1236686706543,1035.1236686706543,107.25,1.0
747000,1.1959163,37.307705,40.4975905418396,40.4975905418396,999.0,1.0
748000,0.22181864,42.33465,-102.39329695701599,-102.39329695701599,999.0,1.0
749000,0.3798007,-13.128384,-120.75488209724426,-120.75488209724426,999.0,1.0
750000,0.2901458,19.195663,526.8212277889252,526.8212277889252,543.5,1.0
751000,0.6628177,9.038387,455.5175870656967,455.5175870656967,519.5,1.0
752000,0.38924232,-8.589788,-119.65881776809692,-119.65881776809692,999.0,1.0
753000,1.1490786,32.420208,484.0105731487274,484.0105731487274,655.5,1.0
754000,1.2220308,41.36992,1068.993742307027,1068.993742307027,218.66666666666666,1.0
755000,1.3530349,75.42838,1085.8437330722809,1085.8437330722809,315.0,1.0
756000,0.9506945,20.423653,550.8812160491943,550.8812160491943,526.0,1.0
757000,0.1650574,-15.65805,-35.09966278076172,-35.09966278076172,999.0,1.0
758000,0.6704534,29.062136,536.3915865421295,536.3915865421295,564.5,1.0
759000,0.99147177,13.379021,-16.323307991027832,-16.323307991027832,999.0,1.0
760000,0.49558014,6.759124,-83.2688136100769,-83.2688136100769,999.0,1.0
761000,1.3487815,38.73642,-117.62847995758057,-117.62847995758057,999.0,1.0
762000,0.7565255,-4.0384035,1067.3955631256104,1067.3955631256104,787.0,1.0
763000,0.39665988,-4.160135,519.234760761261,519.234760761261,532.5,1.0
764000,0.6236653,17.366505,732.9060378074646,732.9060378074646,278.5,1.0
765000,0.550392,-0.96146816,818.456662774086,818.456662774086,321.75,1.0
766000,1.6847609,34.426994,-109.03708457946777,-109.03708457946777,999.0,1.0
767000,1.5980234,63.096474,-207.41811203956604,-207.41811203956604,529.0,1.0
768000,1.34412,60.713287,1117.4254562854767,1117.4254562854767,286.0,1.0
769000,1.724323,43.872284,997.3400220870972,997.3400220870972,372.0,1.0
770000,1.2875689,56.596035,677.2867568333944,677.2867568333944,520.0,1.0
771000,1.0758924,54.88474,457.7716739177704,457.7716739177704,617.0,1.0
772000,0.30866805,43.09685,-186.52944469451904,-186.52944469451904,999.0,1.0
773000,0.065052286,51.051445,498.6347633600235,498.6347633600235,520.0,1.0
774000,0.29073924,-6.749601,-41.19717621803284,-41.19717621803284,999.0,1.0
775000,1.5586543,35.267128,999.4183783531189,999.4183783531189,244.0,1.0
776000,1.5131202,54.276558,474.21946477890015,474.21946477890015,515.5,1.0
777000,1.2909046,53.985004,781.8169891834259,781.8169891834259,447.5,1.0
778000,1.695929,65.375824,-319.7426953315735,-319.7426953315735,999.0,1.0
779000,1.5739948,61.442944,439.9282970428467,439.9282970428467,507.5,1.0
780000,0.43242255,-6.7673464,-173.00628399848938,-173.00628399848938,999.0,1.0
781000,0.30807143,11.82926,1105.177490234375,1105.177490234375,219.0,1.0
782000,0.13937044,13.029387,452.6839724779129,452.6839724779129,505.5,1.0
783000,0.114948876,97.638794,-121.69491481781006,-121.69491481781006,999.0,1.0
784000,0.113974676,36.09043,76.846435546875,76.846435546875,999.0,1.0
785000,0.15302283,1.9735165,-102.0998682975769,-102.0998682975769,999.0,1.0
786000,1.53768,43.534172,-189.76397275924683,-189.76397275924683,999.0,1.0
787000,0.4979579,-7.980545,-118.38566589355469,-118.38566589355469,999.0,1.0
788000,0.5433785,-8.056044,485.8586575984955,485.8586575984955,563.5,1.0
789000,1.2455547,29.418823,584.5207712650299,584.5207712650299,521.0,1.0
790000,1.4965781,49.789574,356.85844326019287,356.85844326019287,692.0,1.0
791000,1.4345273,52.174843,964.6346054077148,964.6346054077148,756.0,1.0
792000,1.5548708,69.614975,-124.09942722320557,-124.09942722320557,999.0,1.0
793000,0.5877366,-3.8966827,1040.8789701461792,1040.8789701461792,368.5,1.0
794000,1.1418844,30.52653,668.4876527786255,668.4876527786255,429.75,1.0
795000,1.0114537,34.008854,1050.3254699707031,1050.3254699707031,514.5,1.0
796000,0.18378274,-13.412052,423.2167352437973,423.2167352437973,14.0,1.0
797000,0.2111784,-36.37594,-60.61680793762207,-60.61680793762207,999.0,1.0
798000,1.4837295,36.76545,835.5720945596695,835.5720945596695,293.75,1.0
799000,1.8062837,68.62256,-241.94500541687012,-241.94500541687012,999.0,1.0
800000,0.9304072,42.01037,837.3586338996887,837.3586338996887,226.8,1.0
801000,0.39456397,4.7462635,449.2704396247864,449.2704396247864,537.5,1.0
802000,0.8014366,23.748848,806.5700703620911,806.5700703620911,291.4,1.0
803000,1.5549703,58.97412,-99.73681974411011,-99.73681974411011,999.0,1.0
804000,0.20855393,29.38114,684.7694727579752,684.7694727579752,357.3333333333333,1.0
805000,1.0137153,31.040524,1109.1000125408173,1109.1000125408173,338.0,1.0
806000,0.87144864,5.046034,-49.76203107833862,-49.76203107833862,999.0,1.0
807000,1.3535818,60.44741,644.2589629491171,644.2589629491171,437.6666666666667,1.0
808000,0.3074925,-4.0446577,-116.51851558685303,-116.51851558685303,999.0,1.0
809000,1.1959254,40.56905,1067.3407192230225,1067.3407192230225,75.5,1.0
810000,0.2674347,36.94455,526.1478314399719,526.1478314399719,523.5,1.0
811000,0.14279662,-5.1671467,-100.3435411453247,-100.3435411453247,999.0,1.0
812000,0.18334475,-5.9439306,-5.661396265029907,-5.661396265029907,999.0,1.0
813000,1.0310483,51.08857,-121.61824607849121,-121.61824607849121,999.0,1.0
814000,1.1506041,60.19767,546.364875793457,546.364875793457,515.0,1.0
815000,0.4592684,32.699017,444.170348405838,444.170348405838,507.5,1.0
816000,0.21831155,-16.815437,-141.34715127944946,-141.34715127944946,999.0,1.0
817000,0.42267632,-17.095516,522.9275064468384,522.9275064468384,533.0,1.0
818000,0.73404837,28.403082,770.0193475484848,770.0193475484848,374.75,1.0
819000,0.61859566,18.136229,471.67802476882935,471.67802476882935,564.0,1.0
820000,1.6690724,83.17575,-99.60881614685059,-99.60881614685059,999.0,1.0
821000,0.49619505,-20.292217,-123.78536558151245,-123.78536558151245,999.0,1.0
822000,0.28126076,-38.045288,42.262285232543945,42.262285232543945,999.0,1.0
823000,1.2832731,58.67891,1063.182534813881,1063.182534813881,98.5,1.0
824000,0.5155109,14.243598,19.888277053833008,19.888277053833008,999.0,1.0
825000,0.44217843,29.896597,476.91048669815063,476.91048669815063,515.0,1.0
826000,1.0032573,39.2228,-212.92898440361023,-212.92898440361023,999.0,1.0
827000,1.2223521,47.17534,662.7862973213196,662.7862973213196,349.3333333333333,1.0
828000,0.49627078,51.050545,528.9675536155701,528.9675536155701,517.5,1.0
829000,0.15557261,18.7029,472.000092625618,472.000092625618,523.5,1.0
830000,0.39248073,-3.2275314,418.33569836616516,418.33569836616516,500.5,1.0
831000,0.81841284,5.4752417,756.4213570356369,756.4213570356369,270.5,1.0
832000,0.7269705,29.93386,506.14374136924744,506.14374136924744,522.0,1.0
833000,0.25166008,60.445602,-212.89713859558105,-212.89713859558105,999.0,1.0
834000,0.7017148,41.164337,413.485627412796,413.485627412796,456.0,1.0
835000,1.4867191,66.77196,1101.4848403930664,1101.4848403930664,106.0,1.0
836000,1.2975335,49.696243,-80.42164039611816,-80.42164039611816,999.0,1.0
837000,0.69401836,24.048185,1070.3833649158478,1070.3833649158478,275.6,1.0
838000,0.7613226,8.573458,13.785751819610596,13.785751819610596,999.0,1.0
839000,1.2262975,57.836285,974.3360495567322,974.3360495567322,718.5,1.0
840000,0.23463616,-26.730688,560.5681042671204,560.5681042671204,516.5,1.0
841000,1.5403321,56.646362,-103.74052047729492,-103.74052047729492,999.0,1.0
842000,1.4290923,31.174883,454.41020464897156,454.41020464897156,501.5,1.0
843000,1.1693963,73.15828,1.482889175415039,1.482889175415039,999.0,1.0
844000,0.8935024,-18.614681,-155.36467599868774,-155.36467599868774,529.5,1.0
845000,1.2804787,24.04307,1033.8370361328125,1033.8370361328125,999.0,1.0
846000,0.08470473,-4.41771,-39.413286209106445,-39.413286209106445,999.0,1.0
847000,0.22176415,-0.8279686,517.260820388794,517.260820388794,100.0,1.0
848000,1.0801291,33.10695,-28.761688947677612,-28.761688947677612,999.0,1.0
849000,0.5253625,3.238527,-142.6320242881775,-142.6320242881775,999.0,1.0
850000,1.5106081,31.658085,-228.9396333694458,-228.9396333694458,999.0,1.0
851000,0.707666,25.170319,799.9567502975464,799.9567502975464,263.6,1.0
852000,0.151376,1.8097165,727.9921556313833,727.9921556313833,354.6666666666667,1.0
853000,0.8219052,35.866657,521.3192656040192,521.3192656040192,527.5,1.0
854000,1.5698155,74.209206,706.4598950147629,706.4598950147629,341.5,1.0
855000,1.0899118,11.5055685,1094.3499374389648,1094.3499374389648,108.0,1.0
856000,1.2289405,26.75448,409.6653139591217,409.6653139591217,516.0,1.0
857000,0.53393227,43.327885,495.1321632862091,495.1321632862091,649.0,1.0
858000,0.83738005,28.742262,-174.72791051864624,-174.72791051864624,999.0,1.0
859000,1.222628,65.03912,1027.6020844777424,1027.6020844777424,346.3333333333333,1.0
860000,0.69315386,97.652596,1048.648150920868,1048.648150920868,276.0,1.0
861000,0.7151726,76.877914,733.4641858736674,733.4641858736674,360.3333333333333,1.0
862000,0.98462695,26.58369,662.7793838183085,662.7793838183085,369.0,1.0
863000,0.78298736,9.154211,488.3844063282013,488.3844063282013,624.5,1.0
864000,0.52268803,8.905819,-179.64196109771729,-179.64196109771729,999.0,1.0
865000,0.14404993,17.813889,-197.21154594421387,-197.21154594421387,999.0,1.0
866000,0.15009224,-23.979166,-93.85501861572266,-93.85501861572266,999.0,1.0
867000,0.36199492,-21.995169,-85.59169721603394,-85.59169721603394,999.0,1.0
868000,1.4124765,57.37745,-82.43817329406738,-82.43817329406738,999.0,1.0
869000,1.1418209,49.050236,1092.6300936937332,1092.6300936937332,313.0,1.0
870000,0.8533825,15.503631,-52.444157123565674,-52.444157123565674,999.0,1.0
871000,0.5412507,9.730557,657.1920886834463,657.1920886834463,417.6666666666667,1.0
872000,1.2731907,48.87503,492.15804147720337,492.15804147720337,547.5,1.0
873000,1.0863932,59.154045,-111.78716897964478,-111.78716897964478,999.0,1.0
874000,0.40661934,0.6051406,-220.49225330352783,-220.49225330352783,999.0,1.0
875000,1.1802194,67.74932,1028.324200630188,1028.324200630188,38.75,1.0
876000,0.7547173,38.53918,502.7486047744751,502.7486047744751,533.0,1.0
877000,1.076531,62.647957,479.29499793052673,479.29499793052673,524.0,1.0
878000,0.620703,31.794874,689.398289680481,689.398289680481,424.6666666666667,1.0
879000,0.57989484,35.203777,890.1251035133997,890.1251035133997,200.0,1.0
880000,1.3356441,40.861206,1027.5010271072388,1027.5010271072388,281.0,1.0
881000,1.3211182,30.762375,529.1625032424927,529.1625032424927,521.0,1.0
882000,0.73928463,4.3362837,442.06420850753784,442.06420850753784,516.5,1.0
883000,0.38782594,5.9283056,447.8044242858887,447.8044242858887,558.5,1.0
884000,0.14352666,7.8084383,468.84535455703735,468.84535455703735,508.0,1.0
885000,0.15683213,-22.765064,-38.862751960754395,-38.862751960754395,999.0,1.0
886000,0.8763492,21.873676,500.03753304481506,500.03753304481506,532.5,1.0
887000,1.2982669,29.153187,485.3674238920212,485.3674238920212,518.0,1.0
888000,1.2114236,21.709385,-142.52414321899414,-142.52414321899414,999.0,1.0
889000,1.2605796,75.342766,772.7662649154663,772.7662649154663,287.0,1.0
890000,1.3424416,55.338326,-84.6170346736908,-84.6170346736908,999.0,1.0
891000,1.2601876,69.52908,994.125301361084,994.125301361084,413.0,1.0
892000,1.3302981,28.59306,1161.4937744140625,1161.4937744140625,999.0,1.0
893000,0.29339164,25.114498,464.3769965171814,464.3769965171814,65.0,1.0
894000,0.1458576,-17.278687,-114.85568284988403,-114.85568284988403,999.0,1.0
895000,0.09480396,-16.798914,545.7094950675964,545.7094950675964,530.5,1.0
896000,1.6262459,42.713985,-16.47863245010376,-16.47863245010376,999.0,1.0
897000,1.231084,83.11206,18.05931854248047,18.05931854248047,999.0,1.0
898000,1.121603,72.601875,743.3779842058817,743.3779842058817,560.0,1.0
899000,0.6432021,6.551857,-185.88785672187805,-185.88785672187805,999.0,1.0
900000,1.3951886,28.375624,1119.4668292999268,1119.4668292999268,374.0,1.0
901000,0.367927,-3.742556,-197.8536605834961,-197.8536605834961,999.0,1.0
902000,0.64981586,18.295698,680.915360291799,680.915360291799,508.0,1.0
903000,0.14380226,-31.410318,-12.670916557312012,-12.670916557312012,999.0,1.0
904000,0.4386032,-5.674925,514.9758470058441,514.9758470058441,511.5,1.0
905000,1.1887456,59.087612,-74.6489782333374,-74.6489782333374,999.0,1.0
906000,1.0935775,4.568531,-256.972993850708,-256.972993850708,999.0,1.0
907000,1.3797555,35.06729,-272.2228627204895,-272.2228627204895,999.0,1.0
908000,0.41514283,-16.401222,62.89304828643799,62.89304828643799,999.0,1.0
909000,0.7826881,8.642427,1070.345027923584,1070.345027923584,458.0,1.0
910000,0.20271212,-6.210869,-66.4900918006897,-66.4900918006897,999.0,1.0
911000,0.38776022,8.78219,485.3912923336029,485.3912923336029,624.0,1.0
912000,0.34887373,19.18096,640.947305838267,640.947305838267,405.0,1.0
913000,0.31593055,41.06879,918.3250163282667,918.3250163282667,177.42857142857142,1.0
914000,0.33774936,18.963959,-145.06362795829773,-145.06362795829773,999.0,1.0
915000,1.2107859,69.75796,1024.9745604197185,1024.9745604197185,337.6666666666667,1.0
916000,1.0413936,19.57358,1107.618507385254,1107.618507385254,353.0,1.0
917000,0.33270454,-26.5223,-131.04158186912537,-131.04158186912537,999.0,1.0
918000,0.28516278,-21.06436,-43.32562017440796,-43.32562017440796,999.0,1.0
919000,0.40610096,23.45671,816.0778465270996,816.0778465270996,309.5,1.0
920000,0.5262013,13.216476,-170.631272315979,-170.631272315979,999.0,1.0
921000,1.2314266,65.45645,1079.6871172587078,1079.6871172587078,259.3333333333333,1.0
922000,0.7113645,37.796425,1053.1182174682617,1053.1182174682617,261.0,1.0
923000,0.88681424,34.834003,-143.68704223632812,-143.68704223632812,999.0,1.0
924000,1.271665,65.38179,466.93803906440735,466.93803906440735,579.5,1.0
925000,1.3350922,44.852993,1099.4608373641968,1099.4608373641968,645.0,1.0
926000,0.98335445,13.199871,1134.6568717956543,1134.6568717956543,892.0,1.0
927000,1.2064207,38.588028,685.8335561752319,685.8335561752319,572.3333333333334,1.0
928000,1.1351411,76.20842,1104.9318968454998,1104.9318968454998,85.33333333333333,1.0
929000,1.1131741,68.76163,-117.46400260925293,-117.46400260925293,999.0,1.0
930000,0.17931804,48.76966,-2.8102102279663086,-2.8102102279663086,999.0,1.0
931000,0.46314618,26.674416,631.1786228020986,631.1786228020986,397.6666666666667,1.0
932000,0.16365829,62.37319,643.9376242955526,643.9376242955526,351.3333333333333,1.0
933000,0.2700934,31.04918,-188.82903480529785,-188.82903480529785,999.0,1.0
934000,0.8399751,27.646765,-153.03710222244263,-153.03710222244263,999.0,1.0
935000,1.5571887,57.163322,1015.599606513977,1015.599606513977,812.0,1.0
936000,1.3615165,51.44939,816.016082572937,816.016082572937,349.0,1.0
937000,1.1460267,51.551617,1039.8697061538696,1039.8697061538696,305.5,1.0
938000,1.2100316,53.73595,1044.3640606880188,1044.3640606880188,285.2,1.0
939000,0.114779204,73.5436,1200.3567199707031,1200.3567199707031,117.0,1.0
940000,1.6079158,62.79142,-139.89549207687378,-139.89549207687378,999.0,1.0
941000,0.54634374,9.792347,-232.08075952529907,-232.08075952529907,999.0,1.0
942000,0.098937,16.340832,-70.0239782333374,-70.0239782333374,999.0,1.0
943000,0.43132848,74.13379,528.2214226722717,528.2214226722717,551.0,1.0
944000,1.1215124,65.094086,775.9010047912598,775.9010047912598,438.5,1.0
945000,1.148811,31.504997,1073.4026217460632,1073.4026217460632,212.2,1.0
946000,1.1969754,68.505325,1081.4815818241664,1081.4815818241664,110.66666666666667,1.0
947000,1.229962,97.17334,1064.8446626663208,1064.8446626663208,354.0,1.0
948000,0.3530464,10.653061,457.1569299697876,457.1569299697876,514.5,1.0
949000,0.8235758,46.475746,445.5293085575104,445.5293085575104,833.0,1.0
950000,0.08420606,24.30592,-91.03273057937622,-91.03273057937622,999.0,1.0
951000,0.20858036,17.595476,490.96270656585693,490.96270656585693,525.5,1.0
952000,0.5382663,-23.657005,-15.242791175842285,-15.242791175842285,999.0,1.0
953000,1.5700903,59.266663,995.7707576751709,995.7707576751709,438.0,1.0
954000,1.515709,43.24017,-75.64961194992065,-75.64961194992065,999.0,1.0
955000,0.44352284,21.598862,7.991975784301758,7.991975784301758,999.0,1.0
956000,0.25695032,47.037525,639.8521738052368,639.8521738052368,360.0,1.0
957000,0.95334804,37.375637,-163.77497243881226,-163.77497243881226,851.0,1.0
958000,1.2144122,38.710983,1017.3133316040039,1017.3133316040039,None,1.0
959000,0.77125704,13.089635,770.246484041214,770.246484041214,321.0,1.0
960000,0.6791903,20.40397,725.9316880702972,725.9316880702972,344.75,1.0
961000,0.10528017,22.970062,505.82867324352264,505.82867324352264,525.0,1.0
962000,0.42716485,64.23922,-185.7247769832611,-185.7247769832611,999.0,1.0
963000,1.147105,37.277023,651.4061001141866,651.4061001141866,369.3333333333333,1.0
964000,0.33272302,38.6811,-161.64877843856812,-161.64877843856812,999.0,1.0
965000,1.354133,55.205944,499.3558735847473,499.3558735847473,520.5,1.0
966000,0.21974559,42.723915,-84.08335041999817,-84.08335041999817,999.0,1.0
967000,0.27272874,52.527847,1099.3106117248535,1099.3106117248535,276.0,1.0
968000,1.057314,47.97711,487.551611661911,487.551611661911,634.0,1.0
969000,1.1920116,23.217916,40.63375425338745,40.63375425338745,999.0,1.0
970000,0.6447723,40.245914,-95.3405327796936,-95.3405327796936,999.0,1.0
971000,0.23001584,20.950453,-110.74501991271973,-110.74501991271973,999.0,1.0
972000,0.15103269,-10.972794,-151.0854525566101,-151.0854525566101,999.0,1.0
973000,0.8386028,25.049303,-73.63484287261963,-73.63484287261963,999.0,1.0
974000,1.1463306,67.96324,1039.9618824005126,1039.9618824005126,268.0,1.0
975000,0.9850442,5.3782763,-193.44880032539368,-193.44880032539368,999.0,1.0
976000,0.41675624,36.44982,1014.339672088623,1014.339672088623,257.0,1.0
977000,1.4522252,38.78199,-192.39919185638428,-192.39919185638428,999.0,1.0
978000,0.8360672,64.784225,676.3307719230652,676.3307719230652,549.6666666666666,1.0
979000,0.38623142,52.14396,492.48243832588196,492.48243832588196,526.0,1.0
980000,1.1377238,27.004677,551.9807891845703,551.9807891845703,523.5,1.0
981000,0.27889302,-16.29845,491.0879285335541,491.0879285335541,518.0,1.0
982000,0.6105052,-7.3406253,-167.4331512451172,-167.4331512451172,999.0,1.0
983000,1.0024807,-9.82477,438.6809470653534,438.6809470653534,543.5,1.0
984000,1.1070011,80.273026,-70.55193376541138,-70.55193376541138,999.0,1.0
985000,0.43002692,-32.932713,-165.26087999343872,-165.26087999343872,999.0,1.0
986000,1.4399579,57.67418,1068.610097169876,1068.610097169876,173.0,1.0
987000,1.6035862,46.206444,446.0441200733185,446.0441200733185,523.5,1.0
988000,1.4937028,35.17649,-230.23616790771484,-230.23616790771484,999.0,1.0
989000,1.3075804,25.002655,-92.75582218170166,-92.75582218170166,999.0,1.0
990000,1.388299,37.23163,469.82796478271484,469.82796478271484,499.5,1.0
991000,0.8540202,45.004757,775.4015439152718,775.4015439152718,315.25,1.0
992000,0.26659283,-9.2062235,-68.05022549629211,-68.05022549629211,999.0,1.0
993000,0.6015439,3.48621,471.440367937088,471.440367937088,587.0,1.0
994000,0.72552663,19.72174,642.6949105262756,642.6949105262756,351.3333333333333,1.0
995000,0.072247796,15.046679,477.6416676044464,477.6416676044464,507.0,1.0
996000,0.29373986,59.89999,-39.347758293151855,-39.347758293151855,999.0,1.0
997000,1.2184411,32.191982,960.0723962783813,960.0723962783813,961.0,1.0
998000,0.6334733,-12.317427,-222.10940313339233,-222.10940313339233,999.0,1.0
999000,1.1054759,32.261154,1040.7753748893738,1040.7753748893738,188.0,1.0
1000000,0.76701146,4.637271,481.4600143432617,481.4600143432617,520.0,1.0
